binary	address	name	code_origin	module_candidate	candidate_confidence	assignment_basis	direct_callers	direct_callees	follow_up_module	review_status
Z_COM	0x10100	start	game_or_library_unclassified	unresolved	unreviewed	mechanical_catalog_only		0x10100,0x1015F,0x101A7	framework_assignment	pending_assignment
Z_COM	0x1015F	sub_1015F	game_or_library_unclassified	unresolved	unreviewed	mechanical_catalog_only	0x10100		framework_assignment	pending_assignment
Z_COM	0x101A7	sub_101A7	game_or_library_unclassified	unresolved	unreviewed	mechanical_catalog_only	0x10100	0x101A7	framework_assignment	pending_assignment
Z_DAT	0x20000	sub_20000	game_or_library_unclassified	unresolved	unreviewed	mechanical_catalog_only	0x3CF19,0x3D6E0		framework_assignment	pending_assignment
Z_DAT	0x20016	sub_20016	game_or_library_unclassified	unresolved	unreviewed	mechanical_catalog_only	0x20D35		framework_assignment	pending_assignment
Z_DAT	0x20039	sub_20039	game_or_library_unclassified	unresolved	unreviewed	mechanical_catalog_only	0x3D6D1		framework_assignment	pending_assignment
Z_DAT	0x2005B	sub_2005B	game_or_library_unclassified	unresolved	unreviewed	mechanical_catalog_only	0x3D922		framework_assignment	pending_assignment
Z_DAT	0x20087	sub_20087	game_or_library_unclassified	unresolved	unreviewed	mechanical_catalog_only	0x3D939	0x20087	framework_assignment	pending_assignment
Z_DAT	0x2010A	sub_2010A	game_or_library_unclassified	unresolved	unreviewed	mechanical_catalog_only	0x3D8D8	0x2010A	framework_assignment	pending_assignment
Z_DAT	0x20354	sub_20354	game_or_library_unclassified	unresolved	unreviewed	mechanical_catalog_only	0x3D643,0x3D8FF	0x20354	framework_assignment	pending_assignment
Z_DAT	0x2050A	sub_2050A	game_or_library_unclassified	unresolved	unreviewed	mechanical_catalog_only	0x3D8AD	0x2050A	framework_assignment	pending_assignment
Z_DAT	0x20615	sub_20615	library_or_platform	render	high	machine_code_linear_big5_glyph_write	0x3D1E5,0x3D950	0x20615	scene_event	manual_reviewed
Z_DAT	0x20663	sub_20663	library_or_platform	render	high	machine_code_linear_ascii_glyph_write	0x3D1E5,0x3D950	0x20663	scene_event	manual_reviewed
Z_DAT	0x206AD	sub_206AD	game_or_library_unclassified	unresolved	unreviewed	mechanical_catalog_only	0x3D88A	0x206AD,0x20899	framework_assignment	pending_assignment
Z_DAT	0x20899	sub_20899	game_or_library_unclassified	unresolved	unreviewed	mechanical_catalog_only	0x206AD	0x20899,0x208A9	framework_assignment	pending_assignment
Z_DAT	0x208A9	sub_208A9	game_or_library_unclassified	unresolved	unreviewed	mechanical_catalog_only	0x20899		framework_assignment	pending_assignment
Z_DAT	0x2094A	sub_2094A	game_or_library_unclassified	unresolved	unreviewed	mechanical_catalog_only	0x3D68A	0x2094A	framework_assignment	pending_assignment
Z_DAT	0x20B22	sub_20B22	game_or_library_unclassified	unresolved	unreviewed	mechanical_catalog_only	0x2558B,0x29D2D	0x20B22	framework_assignment	pending_assignment
Z_DAT	0x20C32	sub_20C32	game_or_library_unclassified	unresolved	unreviewed	mechanical_catalog_only	0x21496,0x22A59,0x247DD,0x24F8C,0x25BBA,0x25D0E,0x26208,0x265AB,0x2711A,0x27A26,0x29391,0x294AD,0x29537,0x295D0,0x2A86C,0x2C0BB,0x2C319,0x2CC21,0x2D590,0x2D678,0x2D841,0x2DBF4,0x2DD77,0x2DE7D,0x2DF0E,0x2E155,0x2E337,0x2E659,0x2EB49,0x2F3F0,0x2F526,0x2F721,0x2FAB7,0x2FBC0,0x2FC9D,0x2FDA6,0x2FFB3,0x30A5A,0x30C3D,0x31DA0,0x3B238,0x3B387,0x3B6BE,0x3BA85,0x3C2AC,0x3CF45	0x20C32	framework_assignment	pending_assignment
Z_DAT	0x20D35	main	game_logic	app	high	machine_code_program_startup_world_dispatch_tick_wait_and_shutdown	0x469C2	0x20016,0x20D35,0x20FAF,0x212C0,0x2399E,0x23AA6,0x23B3E,0x23C98,0x23F28,0x247DD,0x24C23,0x24C8D,0x2558B,0x26208,0x3CBE3,0x3CDFF,0x3CF19,0x3CF45,0x3D6D1,0x3D922,0x3DD57,0x3E1B2,0x3E25B,0x3ED1E,0x3ED5B,0x3EE5F	app	manual_reviewed
Z_DAT	0x20FAF	sub_20FAF	game_or_library_unclassified	unresolved	unreviewed	mechanical_catalog_only	0x20D35	0x20FAF,0x26208,0x26B5E,0x3CC97,0x3CD17,0x3CF19,0x3CF45,0x3D34A,0x3D643,0x3D6D1,0x3D6E0,0x3D8D8,0x3D939,0x3DD57,0x3ED1E,0x3EE5F	framework_assignment	pending_assignment
Z_DAT	0x212C0	sub_212C0	game_or_library_unclassified	unresolved	unreviewed	mechanical_catalog_only	0x20D35,0x26B5E,0x28E40	0x20FAF,0x212C0,0x21496,0x21AC0,0x22066,0x2558B,0x25BBA,0x25D0E,0x269AB,0x29D2D,0x2A0D9,0x3D6D1,0x3ED1E	framework_assignment	pending_assignment
Z_DAT	0x21496	sub_21496	game_or_library_unclassified	unresolved	unreviewed	mechanical_catalog_only	0x212C0	0x20C32,0x21496,0x22090,0x2558B,0x269AB,0x29D2D,0x2CEBF,0x3A10C,0x3D6D1,0x3D832,0x3ED1E,0x3EEC7,0x3EF4A	framework_assignment	pending_assignment
Z_DAT	0x21AC0	sub_21AC0	game_or_library_unclassified	unresolved	unreviewed	mechanical_catalog_only	0x212C0	0x21496,0x21AC0,0x22090,0x2558B,0x269AB,0x29D2D,0x2CEBF,0x39DA3,0x3D6D1,0x3D832,0x3ED1E,0x3EEC7,0x3EF4A	framework_assignment	pending_assignment
Z_DAT	0x22066	sub_22066	game_or_library_unclassified	unresolved	unreviewed	mechanical_catalog_only	0x212C0,0x32E59	0x22066,0x22090,0x22A59,0x3ED1E	framework_assignment	pending_assignment
Z_DAT	0x22090	sub_22090	game_or_library_unclassified	unresolved	unreviewed	mechanical_catalog_only	0x21496,0x21AC0,0x22066,0x25BBA,0x2A86C	0x22090,0x2558B,0x269AB,0x29D2D,0x2CEBF,0x3AA85,0x3D6D1,0x3D832,0x3ED1E,0x3EF4A,0x3EF7D	framework_assignment	pending_assignment
Z_DAT	0x22A59	sub_22A59	game_or_library_unclassified	unresolved	unreviewed	mechanical_catalog_only	0x22066	0x20C32,0x22A59,0x2558B,0x29D2D,0x2CEBF,0x2D590,0x3AA85,0x3D6D1,0x3D832,0x3ED1E,0x3EF4A	framework_assignment	pending_assignment
Z_DAT	0x2399E	sub_2399E	game_or_library_unclassified	unresolved	unreviewed	mechanical_catalog_only	0x20D35,0x26B5E,0x28E40	0x2399E,0x3D612,0x3ED1E	framework_assignment	pending_assignment
Z_DAT	0x23AA6	sub_23AA6	game_or_library_unclassified	unresolved	unreviewed	mechanical_catalog_only	0x20D35	0x23AA6,0x3ED1E	framework_assignment	pending_assignment
Z_DAT	0x23B3E	sub_23B3E	game_or_library_unclassified	unresolved	unreviewed	mechanical_catalog_only	0x20D35	0x23B3E,0x3D612,0x3ED1E	framework_assignment	pending_assignment
Z_DAT	0x23C98	sub_23C98	game_or_library_unclassified	unresolved	unreviewed	mechanical_catalog_only	0x20D35	0x23C98,0x241DC,0x24278,0x24417,0x24496,0x24559,0x24667,0x246F9,0x24F8C,0x25911,0x26A92,0x3ED1E	framework_assignment	pending_assignment
Z_DAT	0x23F28	sub_23F28	game_or_library_unclassified	unresolved	unreviewed	mechanical_catalog_only	0x20D35	0x23C98,0x23F28,0x2422A,0x24278,0x24417,0x24496,0x24559,0x24667,0x246F9,0x25911,0x26A92,0x3ED1E	framework_assignment	pending_assignment
Z_DAT	0x241DC	sub_241DC	game_or_library_unclassified	unresolved	unreviewed	mechanical_catalog_only	0x23C98	0x241DC,0x3ED1E	framework_assignment	pending_assignment
Z_DAT	0x2422A	sub_2422A	game_or_library_unclassified	unresolved	unreviewed	mechanical_catalog_only	0x23F28	0x2422A,0x3ED1E	framework_assignment	pending_assignment
Z_DAT	0x24278	sub_24278	game_or_library_unclassified	unresolved	unreviewed	mechanical_catalog_only	0x23C98,0x23F28	0x24278,0x24CE8,0x3ED1E	framework_assignment	pending_assignment
Z_DAT	0x24417	sub_24417	game_or_library_unclassified	unresolved	unreviewed	mechanical_catalog_only	0x23C98,0x23F28	0x24417,0x3ED1E	framework_assignment	pending_assignment
Z_DAT	0x24496	sub_24496	game_or_library_unclassified	unresolved	unreviewed	mechanical_catalog_only	0x23C98,0x23F28	0x24496,0x3ED1E	framework_assignment	pending_assignment
Z_DAT	0x24559	sub_24559	game_or_library_unclassified	unresolved	unreviewed	mechanical_catalog_only	0x23C98,0x23F28	0x24559,0x3ED1E	framework_assignment	pending_assignment
Z_DAT	0x24667	sub_24667	game_or_library_unclassified	unresolved	unreviewed	mechanical_catalog_only	0x23C98,0x23F28	0x24559,0x24667,0x3ED1E	framework_assignment	pending_assignment
Z_DAT	0x246F9	sub_246F9	game_or_library_unclassified	unresolved	unreviewed	mechanical_catalog_only	0x23C98,0x23F28	0x24559,0x246F9,0x3ED1E	framework_assignment	pending_assignment
Z_DAT	0x247DD	sub_247DD	game_or_library_unclassified	unresolved	unreviewed	mechanical_catalog_only	0x20D35	0x20C32,0x247DD,0x3CF45,0x3DA66,0x3DABF,0x3DB07,0x3DB2B,0x3ED1E,0x3EF96	framework_assignment	pending_assignment
Z_DAT	0x24A02	sub_24A02	game_or_library_unclassified	unresolved	unreviewed	mechanical_catalog_only	0x26208	0x24A02,0x24CE8,0x24F8C,0x2558B,0x3D6D1,0x3ED1E,0x3EE90	framework_assignment	pending_assignment
Z_DAT	0x24C23	sub_24C23	game_or_library_unclassified	unresolved	unreviewed	mechanical_catalog_only	0x20D35	0x3DA66,0x3ED1E	framework_assignment	pending_assignment
Z_DAT	0x24C8D	sub_24C8D	game_or_library_unclassified	unresolved	unreviewed	mechanical_catalog_only	0x20D35,0x25D0E,0x2E659,0x2EB49,0x31241	0x3DB2B,0x3ED1E	framework_assignment	pending_assignment
Z_DAT	0x24CE8	sub_24CE8	game_or_library_unclassified	unresolved	unreviewed	mechanical_catalog_only	0x24278,0x24A02,0x26B5E	0x24D43,0x24DB8,0x24E2D,0x24EA2,0x24F17,0x3ED1E	framework_assignment	pending_assignment
Z_DAT	0x24D43	sub_24D43	game_or_library_unclassified	unresolved	unreviewed	mechanical_catalog_only	0x24CE8	0x24D43,0x3DABF,0x3DB07,0x3ED1E	framework_assignment	pending_assignment
Z_DAT	0x24DB8	sub_24DB8	game_or_library_unclassified	unresolved	unreviewed	mechanical_catalog_only	0x24CE8	0x24DB8,0x3DABF,0x3DB07,0x3ED1E	framework_assignment	pending_assignment
Z_DAT	0x24E2D	sub_24E2D	game_or_library_unclassified	unresolved	unreviewed	mechanical_catalog_only	0x24CE8	0x24E2D,0x3DABF,0x3DB07,0x3ED1E	framework_assignment	pending_assignment
Z_DAT	0x24EA2	sub_24EA2	game_or_library_unclassified	unresolved	unreviewed	mechanical_catalog_only	0x24CE8	0x24EA2,0x3DABF,0x3DB07,0x3ED1E	framework_assignment	pending_assignment
Z_DAT	0x24F17	sub_24F17	game_or_library_unclassified	unresolved	unreviewed	mechanical_catalog_only	0x24CE8	0x24F17,0x3DABF,0x3DB07,0x3ED1E	framework_assignment	pending_assignment
Z_DAT	0x24F8C	sub_24F8C	game_or_library_unclassified	unresolved	unreviewed	mechanical_catalog_only	0x23C98,0x24A02,0x26B5E	0x20C32,0x24F8C,0x3ED1E,0x3EE90,0x3EF96	framework_assignment	pending_assignment
Z_DAT	0x2558B	sub_2558B	game_or_library_unclassified	unresolved	unreviewed	mechanical_catalog_only	0x20D35,0x212C0,0x21496,0x21AC0,0x22090,0x22A59,0x24A02,0x25911,0x25BBA,0x25D0E,0x26208,0x26B5E,0x2A186,0x2A86C,0x2B483	0x20B22,0x2558B,0x3D612,0x3D643,0x3D88A,0x3ED1E	framework_assignment	pending_assignment
Z_DAT	0x25911	sub_25911	game_or_library_unclassified	unresolved	unreviewed	mechanical_catalog_only	0x23C98,0x23F28	0x2558B,0x25911,0x28E40,0x3CC97,0x3CD17,0x3D6D1,0x3ED1E	framework_assignment	pending_assignment
Z_DAT	0x25AB7	sub_25AB7	game_or_library_unclassified	unresolved	unreviewed	mechanical_catalog_only	0x26B5E	0x25AB7,0x3DA40,0x3DA66,0x3DABF,0x3DAE3,0x3DB07,0x3DB2B,0x3ED1E	framework_assignment	pending_assignment
Z_DAT	0x25BBA	sub_25BBA	game_or_library_unclassified	unresolved	unreviewed	mechanical_catalog_only	0x212C0	0x20C32,0x22090,0x2558B,0x25BBA,0x29D2D,0x2C319,0x2CEBF,0x3CC97,0x3CD17,0x3D6D1,0x3D832,0x3ED1E	framework_assignment	pending_assignment
Z_DAT	0x25D0E	sub_25D0E	game_or_library_unclassified	unresolved	unreviewed	mechanical_catalog_only	0x212C0	0x20C32,0x24C8D,0x2558B,0x25D0E,0x25F87,0x269AB,0x29D2D,0x2CEBF,0x3CF19,0x3D6D1,0x3D832,0x3DD57,0x3E25B,0x3ED1E,0x3EE5F,0x3EF4A	framework_assignment	pending_assignment
Z_DAT	0x25F87	sub_25F87	game_or_library_unclassified	unresolved	unreviewed	mechanical_catalog_only	0x25D0E	0x25F87,0x26208,0x265AB,0x2CEBF,0x3D6D1,0x3D832,0x3ED1E,0x3EF4A	framework_assignment	pending_assignment
Z_DAT	0x26208	sub_26208	game_or_library_unclassified	unresolved	unreviewed	mechanical_catalog_only	0x20D35,0x20FAF,0x25F87	0x20C32,0x24A02,0x2558B,0x25AB7,0x26208,0x3CC97,0x3CD17,0x3CF45,0x3D6D1,0x3D6E0,0x3DA40,0x3DABF,0x3DAE3,0x3DB07,0x3DB2B,0x3ED1E,0x3EF96,0x3EFB9	framework_assignment	pending_assignment
Z_DAT	0x265AB	sub_265AB	game_or_library_unclassified	unresolved	unreviewed	mechanical_catalog_only	0x25F87	0x20C32,0x25AB7,0x265AB,0x3CF45,0x3D6E0,0x3DA40,0x3DABF,0x3DAE3,0x3DB07,0x3DB2B,0x3ED1E,0x3EF96,0x3EFB9	framework_assignment	pending_assignment
Z_DAT	0x269AB	sub_269AB	game_or_library_unclassified	unresolved	unreviewed	mechanical_catalog_only	0x212C0,0x21496,0x21AC0,0x22090,0x25D0E	0x269AB,0x2CEBF,0x3D832,0x3ED1E,0x3EF4A	framework_assignment	pending_assignment
Z_DAT	0x26A92	sub_26A92	game_or_library_unclassified	unresolved	unreviewed	mechanical_catalog_only	0x23C98,0x23F28	0x26A92,0x3ED1E	framework_assignment	pending_assignment
Z_DAT	0x26B5E	sub_26B5E	game_or_library_unclassified	unresolved	unreviewed	mechanical_catalog_only	0x20FAF	0x212C0,0x2399E,0x24CE8,0x24F8C,0x2558B,0x25AB7,0x26B5E,0x2711A,0x29391,0x295D0,0x296E6,0x29819,0x299A1,0x29B3C,0x29C36,0x29D2D,0x2B3B4,0x2C319,0x3CBE3,0x3CC97,0x3CD17,0x3D6D1,0x3D6E0,0x3D922,0x3E1B2,0x3ED1E,0x3EE90,0x3EF4A	framework_assignment	pending_assignment
Z_DAT	0x2711A	sub_2711A	game_or_library_unclassified	unresolved	unreviewed	mechanical_catalog_only	0x26B5E	0x20C32,0x2711A,0x27A26,0x3D612,0x3D643,0x3D6D1,0x3D832,0x3D8D8,0x3ED1E,0x3EEC7,0x3EF4A	framework_assignment	pending_assignment
Z_DAT	0x27A26	sub_27A26	game_or_library_unclassified	unresolved	unreviewed	mechanical_catalog_only	0x2711A	0x20C32,0x27A26,0x2841A,0x287CA,0x28975,0x3CF45,0x3D6D1,0x3D832,0x3D8D8,0x3DB83,0x3ED1E,0x3EE5F,0x3EF4A	framework_assignment	pending_assignment
Z_DAT	0x2841A	sub_2841A	game_or_library_unclassified	unresolved	unreviewed	mechanical_catalog_only	0x27A26	0x2841A,0x3D6D1,0x3D832,0x3D8D8,0x3ED1E,0x3EF4A	framework_assignment	pending_assignment
Z_DAT	0x287CA	sub_287CA	game_or_library_unclassified	unresolved	unreviewed	mechanical_catalog_only	0x27A26	0x287CA,0x3D6D1,0x3D832,0x3D8D8,0x3ED1E,0x3EF4A	framework_assignment	pending_assignment
Z_DAT	0x28975	sub_28975	game_or_library_unclassified	unresolved	unreviewed	mechanical_catalog_only	0x27A26	0x2841A,0x28975,0x3D832,0x3D8D8,0x3ED1E,0x3EF4A	framework_assignment	pending_assignment
Z_DAT	0x28E40	sub_28E40	game_or_library_unclassified	unresolved	unreviewed	mechanical_catalog_only	0x25911	0x212C0,0x2399E,0x28E40,0x29391,0x295D0,0x296E6,0x29819,0x299A1,0x29B3C,0x29C36,0x29D2D,0x2B3B4,0x2C0BB,0x3CBE3,0x3CC97,0x3CD17,0x3D6D1,0x3D6E0,0x3D922,0x3E1B2,0x3ED1E	framework_assignment	pending_assignment
Z_DAT	0x29391	sub_29391	game_or_library_unclassified	unresolved	unreviewed	mechanical_catalog_only	0x26B5E,0x28E40	0x20C32,0x29391,0x29537,0x3CF45,0x3DABF,0x3DB07,0x3DB2B,0x3ED1E,0x3EF96,0x3EFB9	framework_assignment	pending_assignment
Z_DAT	0x294AD	sub_294AD	game_or_library_unclassified	unresolved	unreviewed	mechanical_catalog_only	0x2E337,0x2F721	0x20C32,0x29391,0x294AD,0x3CF45,0x3DB07,0x3ED1E,0x3EF96,0x3EFB9	framework_assignment	pending_assignment
Z_DAT	0x29537	sub_29537	game_or_library_unclassified	unresolved	unreviewed	mechanical_catalog_only	0x2E337,0x2F721	0x20C32,0x29537,0x3CF45,0x3DA66,0x3DAE3,0x3DB07,0x3DB2B,0x3ED1E,0x3EF96	framework_assignment	pending_assignment
Z_DAT	0x295D0	sub_295D0	game_or_library_unclassified	unresolved	unreviewed	mechanical_catalog_only	0x26B5E,0x28E40	0x20C32,0x29537,0x295D0,0x3CF45,0x3DAE3,0x3DB07,0x3DB2B,0x3ED1E,0x3EF96,0x3EFB9	framework_assignment	pending_assignment
Z_DAT	0x296E6	sub_296E6	game_or_library_unclassified	unresolved	unreviewed	mechanical_catalog_only	0x26B5E,0x28E40	0x296E6,0x3ED1E	framework_assignment	pending_assignment
Z_DAT	0x29819	sub_29819	game_or_library_unclassified	unresolved	unreviewed	mechanical_catalog_only	0x26B5E,0x28E40,0x2F171	0x29819,0x3ED1E	framework_assignment	pending_assignment
Z_DAT	0x299A1	sub_299A1	game_or_library_unclassified	unresolved	unreviewed	mechanical_catalog_only	0x26B5E,0x28E40,0x2F171	0x299A1,0x3ED1E	framework_assignment	pending_assignment
Z_DAT	0x29B3C	sub_29B3C	game_or_library_unclassified	unresolved	unreviewed	mechanical_catalog_only	0x26B5E,0x28E40	0x29B3C,0x3ED1E	framework_assignment	pending_assignment
Z_DAT	0x29C36	sub_29C36	game_or_library_unclassified	unresolved	unreviewed	mechanical_catalog_only	0x26B5E,0x28E40	0x29C36,0x29D2D,0x2C319,0x3D6D1,0x3ED1E	framework_assignment	pending_assignment
Z_DAT	0x29D2D	sub_29D2D	game_or_library_unclassified	unresolved	unreviewed	mechanical_catalog_only	0x212C0,0x21496,0x21AC0,0x22090,0x22A59,0x25BBA,0x25D0E,0x26B5E,0x28E40,0x29C36,0x2A186,0x2A86C,0x2B308,0x2B3B4,0x2B483,0x2C0BB,0x2CC21,0x2D653,0x31EB9	0x20B22,0x29D2D,0x3D612,0x3D643,0x3ED1E	framework_assignment	pending_assignment
Z_DAT	0x2A0D9	sub_2A0D9	game_or_library_unclassified	unresolved	unreviewed	mechanical_catalog_only	0x212C0	0x2A10F,0x2A186,0x2A86C,0x3ED1E	framework_assignment	pending_assignment
Z_DAT	0x2A10F	sub_2A10F	game_or_library_unclassified	unresolved	unreviewed	mechanical_catalog_only	0x2A0D9,0x3A29C	0x2A10F,0x3ED1E,0x3EE90	framework_assignment	pending_assignment
Z_DAT	0x2A186	sub_2A186	game_or_library_unclassified	unresolved	unreviewed	mechanical_catalog_only	0x2A0D9,0x2A86C,0x3A29C	0x2558B,0x29D2D,0x2A186,0x2A74C,0x2A7E8,0x2CEBF,0x2D501,0x3AA85,0x3D643,0x3D6D1,0x3D832,0x3ED1E,0x3EF4A,0x3EF7D	framework_assignment	pending_assignment
Z_DAT	0x2A74C	sub_2A74C	game_or_library_unclassified	unresolved	unreviewed	mechanical_catalog_only	0x2A186	0x3D8D8,0x3ED1E	framework_assignment	pending_assignment
Z_DAT	0x2A7E8	sub_2A7E8	game_or_library_unclassified	unresolved	unreviewed	mechanical_catalog_only	0x2A186	0x2A74C,0x3D8D8,0x3ED1E	framework_assignment	pending_assignment
Z_DAT	0x2A86C	sub_2A86C	game_or_library_unclassified	unresolved	unreviewed	mechanical_catalog_only	0x2A0D9,0x3A29C	0x20C32,0x22090,0x2558B,0x29D2D,0x2A186,0x2A86C,0x2B227,0x2B288,0x2B483,0x2BD8B,0x2CEBF,0x3AA85,0x3D6D1,0x3D832,0x3ED1E,0x3EF4A	framework_assignment	pending_assignment
Z_DAT	0x2B227	sub_2B227	game_or_library_unclassified	unresolved	unreviewed	mechanical_catalog_only	0x2A86C,0x2F39C,0x3598C,0x3A30B,0x3C2AC	0x2B227,0x3ED1E	framework_assignment	pending_assignment
Z_DAT	0x2B288	sub_2B288	game_logic	scene	high	machine_code_direction_switch_and_unique_item_menu_caller	0x2A86C	0x2B288,0x2B308,0x3ED1E	scene_event	manual_reviewed
Z_DAT	0x2B308	sub_2B308	game_or_library_unclassified	unresolved	unreviewed	mechanical_catalog_only	0x2B288	0x29D2D,0x2B308,0x2C319,0x3D6D1,0x3ED1E	framework_assignment	pending_assignment
Z_DAT	0x2B3B4	sub_2B3B4	game_or_library_unclassified	unresolved	unreviewed	mechanical_catalog_only	0x26B5E,0x28E40	0x29D2D,0x2B3B4,0x2C319,0x3D6D1,0x3ED1E	framework_assignment	pending_assignment
Z_DAT	0x2B483	sub_2B483	game_or_library_unclassified	unresolved	unreviewed	mechanical_catalog_only	0x2A86C,0x3598C	0x2558B,0x29D2D,0x2B483,0x2CEBF,0x3AA85,0x3D612,0x3D6D1,0x3D832,0x3ED1E,0x3EEC7,0x3EF4A,0x3F50B	framework_assignment	pending_assignment
Z_DAT	0x2BD8B	sub_2BD8B	game_or_library_unclassified	unresolved	unreviewed	mechanical_catalog_only	0x2A86C	0x2BD8B,0x3ED1E,0x3F50B	framework_assignment	pending_assignment
Z_DAT	0x2C0BB	sub_2C0BB	game_or_library_unclassified	unresolved	unreviewed	mechanical_catalog_only	0x28E40	0x20C32,0x29D2D,0x2CEBF,0x3D6D1,0x3D832,0x3ED1E,0x3EF4A,0x3EF7D	framework_assignment	pending_assignment
Z_DAT	0x2C319	sub_2C319	game_logic	scene	high	machine_code_unsigned_68_case_jump_table_and_program_counter_contract	0x25BBA,0x26B5E,0x29C36,0x2B308,0x2B3B4	0x20C32,0x2C319,0x2CC21,0x2D653,0x2D678,0x2D841,0x2DBF4,0x2DD45,0x2DD77,0x2DE03,0x2DE39,0x2DE7D,0x2DF0E,0x2E078,0x2E155,0x2E1E8,0x2E278,0x2E28A,0x2E29C,0x2E2D7,0x2E2F5,0x2E337,0x2E46B,0x2E536,0x2E639,0x2E659,0x2EB49,0x2ED8D,0x2F053,0x2F107,0x2F136,0x2F171,0x2F34C,0x2F39C,0x2F3F0,0x2F526,0x2F62F,0x2F6C2,0x2F6E3,0x2F721,0x2F890,0x2F8AB,0x2F8D1,0x2F966,0x2F9B5,0x2F9F2,0x2FAB7,0x2FBC0,0x2FC9D,0x2FDA6,0x2FEBF,0x2FEDF,0x2FF87,0x2FFB3,0x30035,0x30094,0x300D9,0x300FF,0x301D1,0x302E0,0x30559,0x30A5A,0x30B45,0x30B81,0x31284,0x312A6,0x31945,0x31C2F,0x31C4A,0x3CF45,0x3DA66,0x3DABF,0x3DB07,0x3DB2B,0x3ED1E,0x3EF96	scene_event	manual_reviewed
Z_DAT	0x2CC21	sub_2CC21	game_logic	scene	high	machine_code_talk_archive_style_page_and_present_chain	0x2C319,0x2FF87,0x302E0,0x30480,0x312A6	0x20C32,0x29D2D,0x2CC21,0x2CEBF,0x2D1CD,0x2D372,0x2D590,0x3CF45,0x3D6D1,0x3D950,0x3DA66,0x3DABF,0x3DB07,0x3DB2B,0x3ED1E,0x3EF96	scene_event	manual_reviewed
Z_DAT	0x2CEBF	sub_2CEBF	library_or_platform	render	high	machine_code_rounded_blend_panel_and_border	0x21496,0x21AC0,0x22090,0x22A59,0x25BBA,0x25D0E,0x25F87,0x269AB,0x2A186,0x2A86C,0x2B483,0x2C0BB,0x2CC21,0x2D678,0x2DD77,0x2DE7D,0x2DF0E,0x2E155,0x2E659,0x2EB49,0x2F3F0,0x2F526,0x2FAB7,0x2FBC0,0x2FC9D,0x2FDA6,0x2FFB3,0x30035,0x312A6,0x31EB9,0x32E59,0x37734,0x38DAC,0x3B238,0x3B387,0x3B6BE,0x3BA85,0x3C2AC,0x3C6D3	0x2CEBF,0x3D8AD,0x3D8D8,0x3ED1E	scene_event	manual_reviewed
Z_DAT	0x2D1CD	sub_2D1CD	library_or_platform	render	high	machine_code_rounded_panel_blend_only	0x2CC21	0x2D1CD,0x3D8AD,0x3ED1E	scene_event	manual_reviewed
Z_DAT	0x2D372	sub_2D372	library_or_platform	render	high	machine_code_rounded_panel_border_only	0x2CC21	0x2D372,0x3D8D8,0x3ED1E	scene_event	manual_reviewed
Z_DAT	0x2D501	sub_2D501	library_or_platform	render	high	machine_code_four_edge_rectangle_outline_preserving_interior	0x2A186	0x3D8D8,0x3ED1E	render	manual_reviewed
Z_DAT	0x2D590	sub_2D590	game_logic	scene	high	machine_code_hdgrp_archive_direct_head_index_and_sprite_draw	0x22A59,0x2CC21,0x3C6D3	0x20C32,0x2D590,0x3CF45,0x3D8FF,0x3DA66,0x3DABF,0x3DB07,0x3DB2B,0x3ED1E,0x3EF96	scene_event	manual_reviewed
Z_DAT	0x2D653	sub_2D653	game_logic	scene	high	machine_code_scene_render_and_present	0x2C319,0x2D678,0x2DE7D,0x2DF0E,0x2ED8D,0x2F053,0x2F171,0x2F3F0,0x2F526,0x2F9F2,0x2FAB7,0x2FBC0,0x2FC9D,0x2FDA6,0x2FFB3,0x301D1,0x302E0,0x30480,0x30B81,0x312A6	0x29D2D,0x3D6D1,0x3ED1E	scene_event	manual_reviewed
Z_DAT	0x2D678	sub_2D678	game_or_library_unclassified	unresolved	unreviewed	mechanical_catalog_only	0x2C319,0x302E0	0x20C32,0x2CEBF,0x2D653,0x2D678,0x2D841,0x3D6D1,0x3D832,0x3ED1E,0x3EEC7,0x3EF4A,0x3EF7D	framework_assignment	pending_assignment
Z_DAT	0x2D841	sub_2D841	game_logic	scene	high	machine_code_selective_event_fields_and_old_grid_relocation	0x2C319,0x2D678,0x2F053,0x2F9F2,0x300FF,0x301D1,0x302E0,0x30559,0x30B81,0x312A6,0x31945	0x20C32,0x2D841,0x3CF45,0x3DABF,0x3DAE3,0x3DB07,0x3DB2B,0x3ED1E,0x3EF96,0x3EFB9	scene_event	manual_reviewed
Z_DAT	0x2DBF4	sub_2DBF4	game_logic	scene	high	machine_code_three_event_script_fields_wrapping_add	0x2C319	0x20C32,0x2DBF4,0x3CF45,0x3DABF,0x3DAE3,0x3DB07,0x3DB2B,0x3ED1E,0x3EF96,0x3EFB9	scene_event	manual_reviewed
Z_DAT	0x2DD45	sub_2DD45	game_logic	scene	high	machine_code_selected_item_id_conditional_and_true_offset	0x2C319	0x2DD45,0x3ED1E	scene_event	manual_reviewed
Z_DAT	0x2DD77	sub_2DD77	game_logic	scene	high	machine_code_battle_question_panel_and_uppercase_y_branch	0x2C319	0x20C32,0x2CEBF,0x2DD77,0x3D6D1,0x3D832,0x3ED1E,0x3EF4A	scene_event	manual_reviewed
Z_DAT	0x2DE03	sub_2DE03	game_logic	scene	high	machine_code_battle_result_equals_one_branch_wrapper	0x2C319	0x2DE03,0x31C75,0x3ED1E	scene_event	manual_reviewed
Z_DAT	0x2DE39	sub_2DE39	game_or_library_unclassified	unresolved	unreviewed	mechanical_catalog_only	0x2C319	0x3ED1E	framework_assignment	pending_assignment
Z_DAT	0x2DE7D	sub_2DE7D	game_logic	scene	high	machine_code_join_question_and_post_key_scene_present	0x2C319	0x20C32,0x2CEBF,0x2D653,0x2DE7D,0x3D6D1,0x3D832,0x3ED1E,0x3EF4A	scene_event	manual_reviewed
Z_DAT	0x2DF0E	sub_2DF0E	game_or_library_unclassified	unresolved	unreviewed	mechanical_catalog_only	0x2C319	0x20C32,0x2CEBF,0x2D653,0x2DF0E,0x2E571,0x3D6D1,0x3D832,0x3ED1E,0x3EF4A,0x3EF7D	framework_assignment	pending_assignment
Z_DAT	0x2E078	sub_2E078	game_or_library_unclassified	unresolved	unreviewed	mechanical_catalog_only	0x2C319,0x30559	0x2E078,0x3ED1E	framework_assignment	pending_assignment
Z_DAT	0x2E155	sub_2E155	game_logic	scene	high	machine_code_rest_question_panel_and_uppercase_y_branch	0x2C319	0x20C32,0x2CEBF,0x2E155,0x3D6D1,0x3D832,0x3ED1E,0x3EF4A	scene_event	manual_reviewed
Z_DAT	0x2E1E8	sub_2E1E8	game_or_library_unclassified	unresolved	unreviewed	mechanical_catalog_only	0x2C319	0x2E1E8,0x3ED1E	framework_assignment	pending_assignment
Z_DAT	0x2E278	sub_2E278	library_or_platform	render	high	machine_code_fade_from_black_wrapper_returning_zero	0x2C319,0x302E0,0x30480	0x3CD17,0x3ED1E	scene_event	manual_reviewed
Z_DAT	0x2E28A	sub_2E28A	library_or_platform	render	high	machine_code_fade_to_black_wrapper_returning_zero	0x2C319,0x302E0	0x3CC97,0x3ED1E	scene_event	manual_reviewed
Z_DAT	0x2E29C	sub_2E29C	game_logic	scene	high	machine_code_all_six_party_slots_membership_conditional	0x2C319	0x2E29C,0x3ED1E	scene_event	manual_reviewed
Z_DAT	0x2E2D7	sub_2E2D7	game_or_library_unclassified	unresolved	unreviewed	mechanical_catalog_only	0x2C319	0x2E2D7,0x3ED1E	framework_assignment	pending_assignment
Z_DAT	0x2E2F5	sub_2E2F5	game_or_library_unclassified	unresolved	unreviewed	mechanical_catalog_only	0x2C319	0x2E2F5,0x3ED1E	framework_assignment	pending_assignment
Z_DAT	0x2E337	sub_2E337	game_logic	scene	high	machine_code_current_or_external_scene_layer_cell_write	0x2C319	0x20C32,0x294AD,0x29537,0x2E337,0x3CF45,0x3DABF,0x3DAE3,0x3DB07,0x3DB2B,0x3ED1E,0x3EF96,0x3EFB9	scene_event	manual_reviewed
Z_DAT	0x2E46B	sub_2E46B	game_or_library_unclassified	unresolved	unreviewed	mechanical_catalog_only	0x2C319	0x2E46B,0x3ED1E	framework_assignment	pending_assignment
Z_DAT	0x2E536	sub_2E536	game_or_library_unclassified	unresolved	unreviewed	mechanical_catalog_only	0x2C319	0x2E536,0x3ED1E	framework_assignment	pending_assignment
Z_DAT	0x2E571	sub_2E571	game_or_library_unclassified	unresolved	unreviewed	mechanical_catalog_only	0x2DF0E,0x312A6	0x2E571,0x3ED1E	framework_assignment	pending_assignment
Z_DAT	0x2E639	sub_2E639	game_or_library_unclassified	unresolved	unreviewed	mechanical_catalog_only	0x2C319	0x3ED1E	framework_assignment	pending_assignment
Z_DAT	0x2E659	sub_2E659	game_or_library_unclassified	unresolved	unreviewed	mechanical_catalog_only	0x2C319,0x30480	0x20C32,0x24C8D,0x2CEBF,0x2D678,0x2E659,0x3CD17,0x3CF19,0x3CF45,0x3D6D1,0x3D832,0x3D922,0x3DB47,0x3ED1E,0x3EE5F,0x3EF4A	framework_assignment	pending_assignment
Z_DAT	0x2EB49	sub_2EB49	game_logic	scene	high	machine_code_modal_load_slots_and_quit_confirmation	0x2C319	0x20C32,0x24C8D,0x2CEBF,0x2EB49,0x3CC97,0x3CD17,0x3CF19,0x3D6D1,0x3D832,0x3D922,0x3ED1E,0x3EE5F,0x3EF4A	scene_event	manual_reviewed
Z_DAT	0x2ED8D	sub_2ED8D	game_or_library_unclassified	unresolved	unreviewed	mechanical_catalog_only	0x2C319	0x2D653,0x2ED8D,0x3DB83,0x3ED1E	framework_assignment	pending_assignment
Z_DAT	0x2F053	sub_2F053	game_or_library_unclassified	unresolved	unreviewed	mechanical_catalog_only	0x2C319	0x2D653,0x2D841,0x2ED8D,0x2F053,0x3DB83,0x3ED1E	framework_assignment	pending_assignment
Z_DAT	0x2F107	sub_2F107	game_or_library_unclassified	unresolved	unreviewed	mechanical_catalog_only	0x2C319	0x2F107,0x3ED1E	framework_assignment	pending_assignment
Z_DAT	0x2F136	sub_2F136	game_or_library_unclassified	unresolved	unreviewed	mechanical_catalog_only	0x2C319	0x2F136,0x3ED1E	framework_assignment	pending_assignment
Z_DAT	0x2F171	sub_2F171	game_or_library_unclassified	unresolved	unreviewed	mechanical_catalog_only	0x2C319	0x29819,0x299A1,0x2D653,0x2ED8D,0x2F171,0x3DB83,0x3ED1E	framework_assignment	pending_assignment
Z_DAT	0x2F34C	sub_2F34C	game_or_library_unclassified	unresolved	unreviewed	mechanical_catalog_only	0x2C319,0x312A6	0x2F34C,0x3ED1E	framework_assignment	pending_assignment
Z_DAT	0x2F39C	sub_2F39C	game_or_library_unclassified	unresolved	unreviewed	mechanical_catalog_only	0x2C319,0x312A6	0x2B227,0x2ED8D,0x2F39C,0x3ED1E	framework_assignment	pending_assignment
Z_DAT	0x2F3F0	sub_2F3F0	game_or_library_unclassified	unresolved	unreviewed	mechanical_catalog_only	0x2C319	0x20C32,0x2CEBF,0x2D653,0x2DF0E,0x2F3F0,0x3D6D1,0x3D832,0x3ED1E,0x3EF4A,0x3EF7D	framework_assignment	pending_assignment
Z_DAT	0x2F526	sub_2F526	game_or_library_unclassified	unresolved	unreviewed	mechanical_catalog_only	0x2C319	0x20C32,0x2CEBF,0x2D653,0x2F526,0x3D6D1,0x3D832,0x3ED1E,0x3EF4A,0x3EF7D	framework_assignment	pending_assignment
Z_DAT	0x2F62F	sub_2F62F	game_or_library_unclassified	unresolved	unreviewed	mechanical_catalog_only	0x2C319	0x2F62F,0x3ED1E	framework_assignment	pending_assignment
Z_DAT	0x2F6C2	sub_2F6C2	game_or_library_unclassified	unresolved	unreviewed	mechanical_catalog_only	0x2C319	0x2F6C2,0x3ED1E	framework_assignment	pending_assignment
Z_DAT	0x2F6E3	sub_2F6E3	game_or_library_unclassified	unresolved	unreviewed	mechanical_catalog_only	0x2C319	0x2F6E3,0x3ED1E	framework_assignment	pending_assignment
Z_DAT	0x2F721	sub_2F721	game_or_library_unclassified	unresolved	unreviewed	mechanical_catalog_only	0x2C319	0x20C32,0x294AD,0x29537,0x2D841,0x2F721,0x3CF45,0x3DABF,0x3DAE3,0x3DB07,0x3DB2B,0x3ED1E,0x3EF96,0x3EFB9	framework_assignment	pending_assignment
Z_DAT	0x2F890	sub_2F890	game_or_library_unclassified	unresolved	unreviewed	mechanical_catalog_only	0x2C319	0x3ED1E	framework_assignment	pending_assignment
Z_DAT	0x2F8AB	sub_2F8AB	game_or_library_unclassified	unresolved	unreviewed	mechanical_catalog_only	0x2C319	0x3ED1E	framework_assignment	pending_assignment
Z_DAT	0x2F8D1	sub_2F8D1	game_or_library_unclassified	unresolved	unreviewed	mechanical_catalog_only	0x2C319	0x2F8D1,0x3ED1E	framework_assignment	pending_assignment
Z_DAT	0x2F966	sub_2F966	game_or_library_unclassified	unresolved	unreviewed	mechanical_catalog_only	0x2C319	0x2F966,0x3ED1E	framework_assignment	pending_assignment
Z_DAT	0x2F9B5	sub_2F9B5	game_or_library_unclassified	unresolved	unreviewed	mechanical_catalog_only	0x2C319	0x2F9B5,0x3ED1E	framework_assignment	pending_assignment
Z_DAT	0x2F9F2	sub_2F9F2	game_or_library_unclassified	unresolved	unreviewed	mechanical_catalog_only	0x2C319	0x2D653,0x2D841,0x2F9F2,0x3DB83,0x3ED1E	framework_assignment	pending_assignment
Z_DAT	0x2FAB7	sub_2FAB7	game_or_library_unclassified	unresolved	unreviewed	mechanical_catalog_only	0x2C319	0x20C32,0x2CEBF,0x2D653,0x2FAB7,0x3D6D1,0x3D832,0x3ED1E,0x3EF4A,0x3EF7D	framework_assignment	pending_assignment
Z_DAT	0x2FBC0	sub_2FBC0	game_or_library_unclassified	unresolved	unreviewed	mechanical_catalog_only	0x2C319	0x20C32,0x2CEBF,0x2D653,0x2FBC0,0x3D6D1,0x3D832,0x3ED1E,0x3EF4A,0x3EF7D	framework_assignment	pending_assignment
Z_DAT	0x2FC9D	sub_2FC9D	game_or_library_unclassified	unresolved	unreviewed	mechanical_catalog_only	0x2C319	0x20C32,0x2CEBF,0x2D653,0x2FC9D,0x3D6D1,0x3D832,0x3ED1E,0x3EF4A,0x3EF7D	framework_assignment	pending_assignment
Z_DAT	0x2FDA6	sub_2FDA6	game_or_library_unclassified	unresolved	unreviewed	mechanical_catalog_only	0x2C319	0x20C32,0x2CEBF,0x2D653,0x2FDA6,0x3D6D1,0x3D832,0x3ED1E,0x3EF4A,0x3EF7D	framework_assignment	pending_assignment
Z_DAT	0x2FEBF	sub_2FEBF	game_or_library_unclassified	unresolved	unreviewed	mechanical_catalog_only	0x2C319	0x3ED1E	framework_assignment	pending_assignment
Z_DAT	0x2FEDF	sub_2FEDF	game_or_library_unclassified	unresolved	unreviewed	mechanical_catalog_only	0x2C319	0x2FEDF,0x3ED1E	framework_assignment	pending_assignment
Z_DAT	0x2FF87	sub_2FF87	game_or_library_unclassified	unresolved	unreviewed	mechanical_catalog_only	0x2C319	0x2CC21,0x2DE39,0x3D612,0x3ED1E	framework_assignment	pending_assignment
Z_DAT	0x2FFB3	sub_2FFB3	game_or_library_unclassified	unresolved	unreviewed	mechanical_catalog_only	0x2C319	0x20C32,0x2CEBF,0x2D653,0x3D6D1,0x3D832,0x3ED1E,0x3EF4A	framework_assignment	pending_assignment
Z_DAT	0x30035	sub_30035	game_or_library_unclassified	unresolved	unreviewed	mechanical_catalog_only	0x2C319	0x2CEBF,0x2FFB3,0x3ED1E,0x3EF4A	framework_assignment	pending_assignment
Z_DAT	0x30094	sub_30094	game_or_library_unclassified	unresolved	unreviewed	mechanical_catalog_only	0x2C319	0x30094,0x3ED1E	framework_assignment	pending_assignment
Z_DAT	0x300D9	sub_300D9	game_or_library_unclassified	unresolved	unreviewed	mechanical_catalog_only	0x2C319	0x300D9,0x3ED1E	framework_assignment	pending_assignment
Z_DAT	0x300FF	sub_300FF	game_or_library_unclassified	unresolved	unreviewed	mechanical_catalog_only	0x2C319	0x2D841,0x300FF,0x3ED1E,0x3EEC7	framework_assignment	pending_assignment
Z_DAT	0x301D1	sub_301D1	game_or_library_unclassified	unresolved	unreviewed	mechanical_catalog_only	0x2C319	0x2D653,0x2D841,0x301D1,0x3DB83,0x3ED1E	framework_assignment	pending_assignment
Z_DAT	0x302E0	sub_302E0	game_or_library_unclassified	unresolved	unreviewed	mechanical_catalog_only	0x2C319	0x2CC21,0x2D653,0x2D678,0x2D841,0x2E278,0x2E28A,0x302E0,0x30480,0x30510,0x3D612,0x3DB83,0x3ED1E	framework_assignment	pending_assignment
Z_DAT	0x30480	sub_30480	game_or_library_unclassified	unresolved	unreviewed	mechanical_catalog_only	0x302E0	0x2CC21,0x2D653,0x2E278,0x2E659,0x30480,0x31C75,0x3ED1E	framework_assignment	pending_assignment
Z_DAT	0x30510	sub_30510	game_or_library_unclassified	unresolved	unreviewed	mechanical_catalog_only	0x302E0	0x30510,0x3ED1E	framework_assignment	pending_assignment
Z_DAT	0x30559	sub_30559	game_or_library_unclassified	unresolved	unreviewed	mechanical_catalog_only	0x2C319	0x2D841,0x2E078,0x30559,0x3ED1E	framework_assignment	pending_assignment
Z_DAT	0x30A5A	sub_30A5A	game_or_library_unclassified	unresolved	unreviewed	mechanical_catalog_only	0x2C319	0x20C32,0x30A5A,0x3CF45,0x3DABF,0x3DB07,0x3DB2B,0x3ED1E,0x3EF96,0x3EFB9	framework_assignment	pending_assignment
Z_DAT	0x30B45	sub_30B45	game_or_library_unclassified	unresolved	unreviewed	mechanical_catalog_only	0x2C319	0x30B45,0x3ED1E	framework_assignment	pending_assignment
Z_DAT	0x30B81	sub_30B81	game_or_library_unclassified	unresolved	unreviewed	mechanical_catalog_only	0x2C319	0x2D653,0x2D841,0x30B81,0x30C3D,0x3DB83,0x3ED1E	framework_assignment	pending_assignment
Z_DAT	0x30C3D	sub_30C3D	game_or_library_unclassified	unresolved	unreviewed	mechanical_catalog_only	0x30B81	0x20C32,0x30C3D,0x31241,0x3CC97,0x3CD17,0x3CF45,0x3D643,0x3D6D1,0x3D6E0,0x3D922,0x3D939,0x3DA66,0x3DABF,0x3DB07,0x3DB2B,0x3DB83,0x3ED1E,0x3EF96	framework_assignment	pending_assignment
Z_DAT	0x31241	sub_31241	game_or_library_unclassified	unresolved	unreviewed	mechanical_catalog_only	0x30C3D	0x24C8D,0x3CF19,0x3DD57,0x3E25B,0x3ED1E,0x3EE5F,0x3EF96	framework_assignment	pending_assignment
Z_DAT	0x31284	sub_31284	game_or_library_unclassified	unresolved	unreviewed	mechanical_catalog_only	0x2C319	0x2DE39,0x3ED1E	framework_assignment	pending_assignment
Z_DAT	0x312A6	sub_312A6	game_or_library_unclassified	unresolved	unreviewed	mechanical_catalog_only	0x2C319	0x2CC21,0x2CEBF,0x2D1CD,0x2D653,0x2D841,0x2E571,0x2F34C,0x2F39C,0x312A6,0x3D6D1,0x3D832,0x3ED1E,0x3EEC7,0x3EF4A	framework_assignment	pending_assignment
Z_DAT	0x31945	sub_31945	game_or_library_unclassified	unresolved	unreviewed	mechanical_catalog_only	0x2C319	0x2D841,0x2DE39,0x31945,0x3D612,0x3ED1E	framework_assignment	pending_assignment
Z_DAT	0x31C2F	sub_31C2F	game_or_library_unclassified	unresolved	unreviewed	mechanical_catalog_only	0x2C319	0x2DE39,0x3E1B2,0x3ED1E	framework_assignment	pending_assignment
Z_DAT	0x31C4A	sub_31C4A	game_or_library_unclassified	unresolved	unreviewed	mechanical_catalog_only	0x2C319	0x2DE39,0x3E288,0x3E2E2,0x3ED1E	framework_assignment	pending_assignment
Z_DAT	0x31C75	sub_31C75	game_logic	battle	high	machine_code_battle_resource_lifecycle_main_call_and_result_encoding	0x2DE03,0x30480	0x31C75,0x31DA0,0x31EB9,0x3265C,0x3271E,0x3AA85,0x3CC97,0x3D6D1,0x3D6E0,0x3E1B2,0x3ED1E	battle	manual_reviewed
Z_DAT	0x31DA0	sub_31DA0	game_logic	battle	high	machine_code_war_record_and_warfld_loader	0x31C75	0x20C32,0x31DA0,0x3CF45,0x3DA66,0x3DABF,0x3DB07,0x3DB2B,0x3ED1E,0x3EF96	battle	manual_reviewed
Z_DAT	0x31EB9	sub_31EB9	game_logic	battle	high	machine_code_26_slot_party_setup_selection_and_occupancy_writes	0x31C75	0x29D2D,0x2CEBF,0x31EB9,0x3B1E6,0x3D6D1,0x3D832,0x3ED1E,0x3EF4A	battle	manual_reviewed
Z_DAT	0x3265C	sub_3265C	game_logic	battle	high	machine_code_20_enemy_setup_and_occupancy_writes	0x31C75	0x3265C,0x3B1E6,0x3ED1E	battle	manual_reviewed
Z_DAT	0x3271E	sub_3271E	game_logic	battle	high	machine_code_battle_round_loop_turn_dispatch_and_tick_wait	0x31C75	0x3271E,0x32A51,0x32E59,0x33599,0x35372,0x3AA85,0x3B238,0x3C563,0x3C672,0x3CD17,0x3D6D1,0x3ED1E	battle	manual_reviewed
Z_DAT	0x32A51	sub_32A51	game_logic	battle	high	machine_code_signed_effective_speed_descending_sort	0x3271E	0x32A51,0x32B78,0x3ED1E	battle	manual_reviewed
Z_DAT	0x32B78	sub_32B78	game_logic	battle	high	machine_code_combatant_swap_occupancy_and_sprite_recompute	0x32A51,0x3AA17	0x32B78,0x3B1E6,0x3ED1E	battle	manual_reviewed
Z_DAT	0x32E59	sub_32E59	game_logic	battle	high	machine_code_ten_action_player_menu_availability_and_dispatch	0x3271E	0x22066,0x2CEBF,0x32E59,0x36A98,0x37734,0x39776,0x39B1F,0x39E88,0x3A29C,0x3A8A4,0x3AA17,0x3AA4B,0x3AA85,0x3C6D3,0x3D6D1,0x3D832,0x3ED1E,0x3EF4A	battle	manual_reviewed
Z_DAT	0x33599	sub_33599	game_or_library_unclassified	unresolved	unreviewed	mechanical_catalog_only	0x3271E,0x3AA4B	0x33599,0x33C4D,0x33E93,0x340D9,0x341F6,0x343DA,0x34550,0x34AD3,0x34AEC,0x34C47,0x3540E,0x35803,0x3582B,0x361AC,0x36209,0x36210,0x363AC,0x3650E,0x3C6D3,0x3D612,0x3D6D1,0x3DB83,0x3ED1E	framework_assignment	pending_assignment
Z_DAT	0x33C4D	sub_33C4D	game_or_library_unclassified	unresolved	unreviewed	mechanical_catalog_only	0x33599	0x33C4D,0x3ED1E	framework_assignment	pending_assignment
Z_DAT	0x33E93	sub_33E93	game_or_library_unclassified	unresolved	unreviewed	mechanical_catalog_only	0x33599	0x33C4D,0x33E93,0x3ED1E	framework_assignment	pending_assignment
Z_DAT	0x340D9	sub_340D9	game_or_library_unclassified	unresolved	unreviewed	mechanical_catalog_only	0x33599	0x340D9,0x3ED1E	framework_assignment	pending_assignment
Z_DAT	0x341F6	sub_341F6	game_or_library_unclassified	unresolved	unreviewed	mechanical_catalog_only	0x33599	0x341F6,0x3D612,0x3ED1E	framework_assignment	pending_assignment
Z_DAT	0x343DA	sub_343DA	game_or_library_unclassified	unresolved	unreviewed	mechanical_catalog_only	0x33599	0x343DA,0x3D612,0x3ED1E	framework_assignment	pending_assignment
Z_DAT	0x34550	sub_34550	game_or_library_unclassified	unresolved	unreviewed	mechanical_catalog_only	0x33599	0x34550,0x3D612,0x3ED1E,0x3F50B	framework_assignment	pending_assignment
Z_DAT	0x34AD3	sub_34AD3	game_or_library_unclassified	unresolved	unreviewed	mechanical_catalog_only	0x33599,0x34AEC,0x34C47,0x3540E,0x36210,0x363AC	0x3A8A4,0x3ED1E	framework_assignment	pending_assignment
Z_DAT	0x34AEC	sub_34AEC	game_or_library_unclassified	unresolved	unreviewed	mechanical_catalog_only	0x33599,0x35803	0x34AD3,0x34AEC,0x3650E,0x36E06,0x3ED1E,0x3F50B	framework_assignment	pending_assignment
Z_DAT	0x34C47	sub_34C47	game_or_library_unclassified	unresolved	unreviewed	mechanical_catalog_only	0x33599,0x3540E,0x3582B,0x361AC,0x36210,0x363AC	0x34AD3,0x34C47,0x3505B,0x35372,0x3650E,0x36E7F,0x37734,0x3D612,0x3ED1E	framework_assignment	pending_assignment
Z_DAT	0x3505B	sub_3505B	game_or_library_unclassified	unresolved	unreviewed	mechanical_catalog_only	0x34C47,0x3582B	0x3505B,0x3513A,0x351A7,0x35217,0x35372,0x3D612,0x3ED1E	framework_assignment	pending_assignment
Z_DAT	0x3513A	sub_3513A	game_or_library_unclassified	unresolved	unreviewed	mechanical_catalog_only	0x3505B	0x3513A,0x3ED1E	framework_assignment	pending_assignment
Z_DAT	0x351A7	sub_351A7	game_or_library_unclassified	unresolved	unreviewed	mechanical_catalog_only	0x3505B,0x35217	0x351A7,0x3ED1E	framework_assignment	pending_assignment
Z_DAT	0x35217	sub_35217	game_or_library_unclassified	unresolved	unreviewed	mechanical_catalog_only	0x3505B	0x351A7,0x35217,0x3ED1E	framework_assignment	pending_assignment
Z_DAT	0x35372	sub_35372	game_or_library_unclassified	unresolved	unreviewed	mechanical_catalog_only	0x34C47,0x3505B	0x35372,0x36E7F,0x3ED1E	framework_assignment	pending_assignment
Z_DAT	0x3540E	sub_3540E	game_or_library_unclassified	unresolved	unreviewed	mechanical_catalog_only	0x33599	0x34AD3,0x34C47,0x3540E,0x355FF,0x3650E,0x36E7F,0x397E5,0x3ED1E,0x3F50B	framework_assignment	pending_assignment
Z_DAT	0x355FF	sub_355FF	game_or_library_unclassified	unresolved	unreviewed	mechanical_catalog_only	0x3540E	0x355FF,0x35667,0x3570F,0x3D612,0x3ED1E	framework_assignment	pending_assignment
Z_DAT	0x35667	sub_35667	game_or_library_unclassified	unresolved	unreviewed	mechanical_catalog_only	0x355FF	0x35667,0x3ED1E	framework_assignment	pending_assignment
Z_DAT	0x3570F	sub_3570F	game_or_library_unclassified	unresolved	unreviewed	mechanical_catalog_only	0x355FF	0x3570F,0x36E7F,0x3ED1E	framework_assignment	pending_assignment
Z_DAT	0x35803	sub_35803	game_or_library_unclassified	unresolved	unreviewed	mechanical_catalog_only	0x33599	0x34AEC,0x3598C,0x3ED1E	framework_assignment	pending_assignment
Z_DAT	0x3582B	sub_3582B	game_or_library_unclassified	unresolved	unreviewed	mechanical_catalog_only	0x33599	0x34C47,0x3505B,0x3582B,0x3598C,0x3650E,0x36E7F,0x3ED1E	framework_assignment	pending_assignment
Z_DAT	0x3598C	sub_3598C	game_or_library_unclassified	unresolved	unreviewed	mechanical_catalog_only	0x35803,0x3582B	0x2B227,0x2B483,0x3598C,0x36133,0x3884A,0x38910,0x3D612,0x3DB83,0x3ED1E,0x3F50B	framework_assignment	pending_assignment
Z_DAT	0x36133	sub_36133	game_or_library_unclassified	unresolved	unreviewed	mechanical_catalog_only	0x3598C	0x36133,0x3ED1E	framework_assignment	pending_assignment
Z_DAT	0x361AC	sub_361AC	game_or_library_unclassified	unresolved	unreviewed	mechanical_catalog_only	0x33599	0x34C47,0x361AC,0x3650E,0x3ED1E	framework_assignment	pending_assignment
Z_DAT	0x36209	sub_36209	game_or_library_unclassified	unresolved	unreviewed	mechanical_catalog_only	0x33599	0x361AC	framework_assignment	pending_assignment
Z_DAT	0x36210	sub_36210	game_or_library_unclassified	unresolved	unreviewed	mechanical_catalog_only	0x33599	0x34AD3,0x34C47,0x36210,0x3650E,0x36E7F,0x39EF7,0x3ED1E,0x3F50B	framework_assignment	pending_assignment
Z_DAT	0x363AC	sub_363AC	game_or_library_unclassified	unresolved	unreviewed	mechanical_catalog_only	0x33599	0x34AD3,0x34C47,0x363AC,0x3650E,0x36E7F,0x397E5,0x39B8E,0x3ED1E	framework_assignment	pending_assignment
Z_DAT	0x3650E	sub_3650E	game_or_library_unclassified	unresolved	unreviewed	mechanical_catalog_only	0x33599,0x34AEC,0x34C47,0x3540E,0x3582B,0x361AC,0x36210,0x363AC	0x3650E,0x36E06,0x36E7F,0x37245,0x37355,0x3ED1E,0x3F50B	framework_assignment	pending_assignment
Z_DAT	0x36A98	sub_36A98	game_or_library_unclassified	unresolved	unreviewed	mechanical_catalog_only	0x32E59	0x36A98,0x36AF7,0x37245,0x37355,0x3ED1E	framework_assignment	pending_assignment
Z_DAT	0x36AF7	sub_36AF7	game_or_library_unclassified	unresolved	unreviewed	mechanical_catalog_only	0x36A98,0x37734,0x39776,0x39B1F,0x39E88,0x3A30B	0x3650E,0x36AF7,0x36E06,0x36E7F,0x3AA85,0x3D6D1,0x3ED1E	framework_assignment	pending_assignment
Z_DAT	0x36E06	sub_36E06	game_or_library_unclassified	unresolved	unreviewed	mechanical_catalog_only	0x34AEC,0x3650E,0x36AF7	0x36E06,0x36EF8,0x37070,0x3ED1E	framework_assignment	pending_assignment
Z_DAT	0x36E7F	sub_36E7F	game_or_library_unclassified	unresolved	unreviewed	mechanical_catalog_only	0x34C47,0x35372,0x3540E,0x3570F,0x3582B,0x36210,0x363AC,0x3650E,0x36AF7	0x36E7F,0x36FF9,0x37070,0x3ED1E	framework_assignment	pending_assignment
Z_DAT	0x36EF8	sub_36EF8	game_or_library_unclassified	unresolved	unreviewed	mechanical_catalog_only	0x36E06	0x36EF8,0x397E5,0x3ED1E	framework_assignment	pending_assignment
Z_DAT	0x36FF9	sub_36FF9	game_or_library_unclassified	unresolved	unreviewed	mechanical_catalog_only	0x36E7F	0x36FF9,0x3ED1E	framework_assignment	pending_assignment
Z_DAT	0x37070	sub_37070	game_or_library_unclassified	unresolved	unreviewed	mechanical_catalog_only	0x36E06,0x36E7F	0x3598C,0x37070,0x37166,0x371AE,0x371F7,0x3721E,0x3ED1E	framework_assignment	pending_assignment
Z_DAT	0x37166	sub_37166	game_or_library_unclassified	unresolved	unreviewed	mechanical_catalog_only	0x37070	0x3ED1E	framework_assignment	pending_assignment
Z_DAT	0x371AE	sub_371AE	game_or_library_unclassified	unresolved	unreviewed	mechanical_catalog_only	0x37070	0x3ED1E	framework_assignment	pending_assignment
Z_DAT	0x371F7	sub_371F7	game_or_library_unclassified	unresolved	unreviewed	mechanical_catalog_only	0x37070,0x37245,0x37355	0x3ED1E	framework_assignment	pending_assignment
Z_DAT	0x3721E	sub_3721E	game_or_library_unclassified	unresolved	unreviewed	mechanical_catalog_only	0x37070,0x37245,0x37355	0x3ED1E	framework_assignment	pending_assignment
Z_DAT	0x37245	sub_37245	game_or_library_unclassified	unresolved	unreviewed	mechanical_catalog_only	0x3650E,0x36A98	0x34550,0x371F7,0x3721E,0x37245,0x3ED1E	framework_assignment	pending_assignment
Z_DAT	0x37355	sub_37355	game_or_library_unclassified	unresolved	unreviewed	mechanical_catalog_only	0x3650E,0x36A98	0x371F7,0x3721E,0x37355,0x3AA85,0x3B1E6,0x3C6D3,0x3D6D1,0x3DB83,0x3ED1E,0x3F50B	framework_assignment	pending_assignment
Z_DAT	0x37734	sub_37734	game_or_library_unclassified	unresolved	unreviewed	mechanical_catalog_only	0x32E59,0x34C47	0x2CEBF,0x36AF7,0x37734,0x3859E,0x38910,0x38999,0x38DAC,0x39188,0x395EC,0x3AA85,0x3B1E6,0x3D612,0x3D6D1,0x3D832,0x3DB83,0x3ED1E,0x3EF4A,0x3EF7D,0x3F50B	framework_assignment	pending_assignment
Z_DAT	0x3859E	sub_3859E	game_or_library_unclassified	unresolved	unreviewed	mechanical_catalog_only	0x37734,0x397E5,0x39B8E,0x39EF7	0x3859E,0x3AA85,0x3D6D1,0x3D6E0,0x3DB83,0x3E288,0x3E2E2,0x3ED1E	framework_assignment	pending_assignment
Z_DAT	0x3884A	sub_3884A	game_or_library_unclassified	unresolved	unreviewed	mechanical_catalog_only	0x3598C,0x3A30B	0x3884A,0x3AA85,0x3D6D1,0x3DB83,0x3E288,0x3E2E2,0x3ED1E	framework_assignment	pending_assignment
Z_DAT	0x38910	sub_38910	game_or_library_unclassified	unresolved	unreviewed	mechanical_catalog_only	0x3598C,0x37734,0x397E5,0x39B8E,0x39EF7,0x3A30B	0x38910,0x3AA85,0x3D6D1,0x3DB83,0x3ED1E	framework_assignment	pending_assignment
Z_DAT	0x38999	sub_38999	game_or_library_unclassified	unresolved	unreviewed	mechanical_catalog_only	0x37734	0x38999,0x39188,0x3C6D3,0x3ED1E	framework_assignment	pending_assignment
Z_DAT	0x38DAC	sub_38DAC	game_or_library_unclassified	unresolved	unreviewed	mechanical_catalog_only	0x37734	0x2CEBF,0x38DAC,0x3AA85,0x3D6D1,0x3D832,0x3ED1E,0x3EF4A	framework_assignment	pending_assignment
Z_DAT	0x39188	sub_39188	game_or_library_unclassified	unresolved	unreviewed	mechanical_catalog_only	0x37734,0x38999	0x3598C,0x39188,0x3D612,0x3ED1E	framework_assignment	pending_assignment
Z_DAT	0x395EC	sub_395EC	game_or_library_unclassified	unresolved	unreviewed	mechanical_catalog_only	0x37734	0x395EC,0x3D612,0x3ED1E	framework_assignment	pending_assignment
Z_DAT	0x39776	sub_39776	game_or_library_unclassified	unresolved	unreviewed	mechanical_catalog_only	0x32E59	0x36AF7,0x39776,0x397E5,0x3ED1E	framework_assignment	pending_assignment
Z_DAT	0x397E5	sub_397E5	game_or_library_unclassified	unresolved	unreviewed	mechanical_catalog_only	0x3540E,0x39776	0x3859E,0x38910,0x397E5,0x39A45,0x3B1E6,0x3ED1E,0x3F50B	framework_assignment	pending_assignment
Z_DAT	0x39A45	sub_39A45	game_or_library_unclassified	unresolved	unreviewed	mechanical_catalog_only	0x397E5	0x39A45,0x3ED1E	framework_assignment	pending_assignment
Z_DAT	0x39B1F	sub_39B1F	game_or_library_unclassified	unresolved	unreviewed	mechanical_catalog_only	0x32E59	0x36AF7,0x39B1F,0x39B8E,0x3ED1E	framework_assignment	pending_assignment
Z_DAT	0x39B8E	sub_39B8E	game_or_library_unclassified	unresolved	unreviewed	mechanical_catalog_only	0x363AC,0x39B1F	0x3859E,0x38910,0x397E5,0x39B8E,0x39DA3,0x3B1E6,0x3ED1E,0x3F50B	framework_assignment	pending_assignment
Z_DAT	0x39DA3	sub_39DA3	game_or_library_unclassified	unresolved	unreviewed	mechanical_catalog_only	0x21AC0,0x39B8E	0x39DA3,0x3D612,0x3ED1E	framework_assignment	pending_assignment
Z_DAT	0x39E88	sub_39E88	game_or_library_unclassified	unresolved	unreviewed	mechanical_catalog_only	0x32E59	0x36AF7,0x39E88,0x39EF7,0x3ED1E	framework_assignment	pending_assignment
Z_DAT	0x39EF7	sub_39EF7	game_or_library_unclassified	unresolved	unreviewed	mechanical_catalog_only	0x36210,0x39E88	0x3859E,0x38910,0x397E5,0x39EF7,0x3A10C,0x3B1E6,0x3ED1E,0x3F50B	framework_assignment	pending_assignment
Z_DAT	0x3A10C	sub_3A10C	game_or_library_unclassified	unresolved	unreviewed	mechanical_catalog_only	0x21496,0x39EF7	0x3A10C,0x3D612,0x3ED1E	framework_assignment	pending_assignment
Z_DAT	0x3A29C	sub_3A29C	game_or_library_unclassified	unresolved	unreviewed	mechanical_catalog_only	0x32E59	0x2A10F,0x2A186,0x2A86C,0x3A29C,0x3A30B,0x3ED1E	framework_assignment	pending_assignment
Z_DAT	0x3A30B	sub_3A30B	game_or_library_unclassified	unresolved	unreviewed	mechanical_catalog_only	0x3A29C	0x2B227,0x36AF7,0x3884A,0x38910,0x3A30B,0x3B1E6,0x3D612,0x3ED1E,0x3F50B	framework_assignment	pending_assignment
Z_DAT	0x3A8A4	sub_3A8A4	game_or_library_unclassified	unresolved	unreviewed	mechanical_catalog_only	0x32E59,0x34AD3	0x3A8A4,0x3D612,0x3ED1E	framework_assignment	pending_assignment
Z_DAT	0x3AA17	sub_3AA17	game_or_library_unclassified	unresolved	unreviewed	mechanical_catalog_only	0x32E59	0x32B78,0x3AA17,0x3ED1E	framework_assignment	pending_assignment
Z_DAT	0x3AA4B	sub_3AA4B	game_or_library_unclassified	unresolved	unreviewed	mechanical_catalog_only	0x32E59	0x33599,0x3AA85,0x3D6D1,0x3ED1E	framework_assignment	pending_assignment
Z_DAT	0x3AA85	sub_3AA85	game_or_library_unclassified	unresolved	unreviewed	mechanical_catalog_only	0x22090,0x22A59,0x2A186,0x2A86C,0x2B483,0x31C75,0x3271E,0x32E59,0x36AF7,0x37355,0x37734,0x3859E,0x3884A,0x38910,0x38DAC,0x3AA4B,0x3B238,0x3B387,0x3B6BE,0x3BA85,0x3C2AC	0x3AA85,0x3D643,0x3D68A,0x3D832,0x3D88A,0x3ED1E,0x3EF4A	framework_assignment	pending_assignment
Z_DAT	0x3B1E6	sub_3B1E6	game_logic	battle	high	machine_code_combatant_sprite_word_formula	0x31EB9,0x3265C,0x32B78,0x37355,0x37734,0x397E5,0x39B8E,0x39EF7,0x3A30B	0x3ED1E	battle	manual_reviewed
Z_DAT	0x3B238	sub_3B238	game_logic	battle	high	machine_code_death_hide_victory_defeat_panel_and_post_battle_call	0x3271E	0x20C32,0x2CEBF,0x3AA85,0x3B238,0x3B387,0x3D6D1,0x3D832,0x3ED1E,0x3EF4A	battle	manual_reviewed
Z_DAT	0x3B387	sub_3B387	game_or_library_unclassified	unresolved	unreviewed	mechanical_catalog_only	0x3B238	0x20C32,0x2CEBF,0x3AA85,0x3B387,0x3B6BE,0x3BA85,0x3C2AC,0x3D6D1,0x3D832,0x3ED1E,0x3EF4A	framework_assignment	pending_assignment
Z_DAT	0x3B6BE	sub_3B6BE	game_or_library_unclassified	unresolved	unreviewed	mechanical_catalog_only	0x3B387	0x20C32,0x2CEBF,0x397E5,0x3AA85,0x3B6BE,0x3D612,0x3D6D1,0x3D832,0x3ED1E,0x3EF4A	framework_assignment	pending_assignment
Z_DAT	0x3BA85	sub_3BA85	game_or_library_unclassified	unresolved	unreviewed	mechanical_catalog_only	0x3B387	0x20C32,0x2CEBF,0x34C47,0x3AA85,0x3BA85,0x3D6D1,0x3D832,0x3ED1E,0x3EF4A,0x3EF7D	framework_assignment	pending_assignment
Z_DAT	0x3C2AC	sub_3C2AC	game_or_library_unclassified	unresolved	unreviewed	mechanical_catalog_only	0x3B387	0x20C32,0x2B227,0x2CEBF,0x3AA85,0x3C2AC,0x3C6D3,0x3D612,0x3D6D1,0x3D832,0x3ED1E,0x3EEC7,0x3EF4A	framework_assignment	pending_assignment
Z_DAT	0x3C563	sub_3C563	game_or_library_unclassified	unresolved	unreviewed	mechanical_catalog_only	0x3271E	0x3C563,0x3ED1E	framework_assignment	pending_assignment
Z_DAT	0x3C672	sub_3C672	game_or_library_unclassified	unresolved	unreviewed	mechanical_catalog_only	0x3271E	0x3C672,0x3ED1E	framework_assignment	pending_assignment
Z_DAT	0x3C6D3	sub_3C6D3	game_or_library_unclassified	unresolved	unreviewed	mechanical_catalog_only	0x32E59,0x33599	0x2CEBF,0x2D590,0x3C6D3,0x3D832,0x3ED1E,0x3EF4A	framework_assignment	pending_assignment
Z_DAT	0x3CBE3	sub_3CBE3	library_or_platform	render	high	machine_code_two_palette_ranges_rotate_right_then_submit	0x20D35,0x26B5E,0x28E40	0x3CBE3,0x3D939,0x3ED1E	render	manual_reviewed
Z_DAT	0x3CC97	sub_3CC97	game_or_library_unclassified	unresolved	unreviewed	mechanical_catalog_only	0x20FAF,0x25911,0x25BBA,0x26208,0x26B5E,0x28E40,0x2E28A,0x2EB49,0x30C3D,0x31C75	0x3CC97,0x3D939,0x3ED1E	framework_assignment	pending_assignment
Z_DAT	0x3CD17	sub_3CD17	game_or_library_unclassified	unresolved	unreviewed	mechanical_catalog_only	0x20FAF,0x25911,0x25BBA,0x26208,0x26B5E,0x28E40,0x2E278,0x2E659,0x2EB49,0x30C3D,0x3271E	0x3CD17,0x3D939,0x3ED1E	framework_assignment	pending_assignment
Z_DAT	0x3CDFF	sub_3CDFF	game_or_library_unclassified	unresolved	unreviewed	mechanical_catalog_only	0x20D35	0x3CDFF,0x3D5DE,0x3DD66,0x3ED1E,0x3EE5F,0x3EF96,0x3EFB9,0x3F516,0x3F544,0x3F64D,0x3F65B,0x3F690	framework_assignment	pending_assignment
Z_DAT	0x3CF19	sub_3CF19	game_or_library_unclassified	unresolved	unreviewed	mechanical_catalog_only	0x20D35,0x20FAF,0x25D0E,0x2E659,0x2EB49,0x31241	0x20000,0x3DD57,0x3ED1E,0x3F690	framework_assignment	pending_assignment
Z_DAT	0x3CF45	sub_3CF45	game_or_library_unclassified	unresolved	unreviewed	mechanical_catalog_only	0x20D35,0x20FAF,0x247DD,0x26208,0x265AB,0x27A26,0x29391,0x294AD,0x29537,0x295D0,0x2C319,0x2CC21,0x2D590,0x2D841,0x2DBF4,0x2E337,0x2E659,0x2F721,0x30A5A,0x30C3D,0x31DA0,0x3D6E0,0x3E1B2,0x3E2E2	0x20C32,0x3CF45,0x3E33D,0x3ED1E,0x3EF4A,0x3EF96,0x3EFB9,0x3F544,0x3F64D,0x3F6CA,0x3F728	framework_assignment	pending_assignment
Z_DAT	0x3D1E5	sub_3D1E5	game_or_library_unclassified	unresolved	unreviewed	mechanical_catalog_only	0x3D832	0x20615,0x20663,0x3D1E5,0x3D27A,0x3ED1E	framework_assignment	pending_assignment
Z_DAT	0x3D27A	sub_3D27A	game_or_library_unclassified	unresolved	unreviewed	mechanical_catalog_only	0x3D1E5,0x3D950	0x3D27A,0x3E33D,0x3ED1E,0x3F544,0x3F728	framework_assignment	pending_assignment
Z_DAT	0x3D34A	sub_3D34A	game_or_library_unclassified	unresolved	unreviewed	mechanical_catalog_only	0x20FAF	0x3D34A,0x3ED1E	framework_assignment	pending_assignment
Z_DAT	0x3D5DE	sub_3D5DE	game_or_library_unclassified	unresolved	unreviewed	mechanical_catalog_only	0x3CDFF	0x3ED1E,0x3F969,0x3F9B0	framework_assignment	pending_assignment
Z_DAT	0x3D612	sub_3D612	library_or_platform	random	high	machine_code_bound_guard_and_signed_rand_remainder	0x2399E,0x23B3E,0x2558B,0x2711A,0x29D2D,0x2B483,0x2FF87,0x302E0,0x31945,0x33599,0x341F6,0x343DA,0x34550,0x34C47,0x3505B,0x355FF,0x3598C,0x37734,0x39188,0x395EC,0x39DA3,0x3A10C,0x3A30B,0x3A8A4,0x3B6BE,0x3C2AC	0x3D612,0x3ED1E,0x3F98D	runtime_platform	manual_reviewed
Z_DAT	0x3D643	sub_3D643	library_or_platform	render	high	machine_code_legacy_even_sprite_index_and_draw_wrapper	0x20FAF,0x2558B,0x2711A,0x29D2D,0x2A186,0x30C3D,0x3AA85	0x20354,0x3D643,0x3ED1E	render	manual_reviewed
Z_DAT	0x3D68A	sub_3D68A	game_or_library_unclassified	unresolved	unreviewed	mechanical_catalog_only	0x3AA85	0x2094A,0x3D68A,0x3ED1E	framework_assignment	pending_assignment
Z_DAT	0x3D6D1	sub_3D6D1	game_or_library_unclassified	unresolved	unreviewed	mechanical_catalog_only	0x20D35,0x20FAF,0x212C0,0x21496,0x21AC0,0x22090,0x22A59,0x24A02,0x25911,0x25BBA,0x25D0E,0x25F87,0x26208,0x26B5E,0x2711A,0x27A26,0x2841A,0x287CA,0x28E40,0x29C36,0x2A186,0x2A86C,0x2B308,0x2B3B4,0x2B483,0x2C0BB,0x2CC21,0x2D653,0x2D678,0x2DD77,0x2DE7D,0x2DF0E,0x2E155,0x2E659,0x2EB49,0x2F3F0,0x2F526,0x2FAB7,0x2FBC0,0x2FC9D,0x2FDA6,0x2FFB3,0x30C3D,0x312A6,0x31C75,0x31EB9,0x3271E,0x32E59,0x33599,0x36AF7,0x37355,0x37734,0x3859E,0x3884A,0x38910,0x38DAC,0x3AA4B,0x3B238,0x3B387,0x3B6BE,0x3BA85,0x3C2AC	0x20039,0x3ED1E	framework_assignment	pending_assignment
Z_DAT	0x3D6E0	sub_3D6E0	game_or_library_unclassified	unresolved	unreviewed	mechanical_catalog_only	0x20FAF,0x26208,0x265AB,0x26B5E,0x28E40,0x30C3D,0x31C75,0x3859E	0x20000,0x3CF45,0x3D6E0,0x3E33D,0x3ED1E,0x3EE5F,0x3EF4A,0x3EF96,0x3EFB9,0x3F544,0x3F64D,0x3F728	framework_assignment	pending_assignment
Z_DAT	0x3D832	sub_3D832	game_or_library_unclassified	unresolved	unreviewed	mechanical_catalog_only	0x21496,0x21AC0,0x22090,0x22A59,0x25BBA,0x25D0E,0x25F87,0x269AB,0x2711A,0x27A26,0x2841A,0x287CA,0x28975,0x2A186,0x2A86C,0x2B483,0x2C0BB,0x2D678,0x2DD77,0x2DE7D,0x2DF0E,0x2E155,0x2E659,0x2EB49,0x2F3F0,0x2F526,0x2FAB7,0x2FBC0,0x2FC9D,0x2FDA6,0x2FFB3,0x312A6,0x31EB9,0x32E59,0x37734,0x38DAC,0x3AA85,0x3B238,0x3B387,0x3B6BE,0x3BA85,0x3C2AC,0x3C6D3	0x3D1E5,0x3D832,0x3ED1E	framework_assignment	pending_assignment
Z_DAT	0x3D88A	sub_3D88A	game_or_library_unclassified	unresolved	unreviewed	mechanical_catalog_only	0x2558B,0x3AA85	0x206AD,0x3ED1E	framework_assignment	pending_assignment
Z_DAT	0x3D8AD	sub_3D8AD	game_or_library_unclassified	unresolved	unreviewed	mechanical_catalog_only	0x2CEBF,0x2D1CD	0x2050A,0x3ED1E	framework_assignment	pending_assignment
Z_DAT	0x3D8D8	sub_3D8D8	game_or_library_unclassified	unresolved	unreviewed	mechanical_catalog_only	0x20FAF,0x2711A,0x27A26,0x2841A,0x287CA,0x28975,0x2A74C,0x2A7E8,0x2CEBF,0x2D372,0x2D501	0x2010A,0x3ED1E	framework_assignment	pending_assignment
Z_DAT	0x3D8FF	sub_3D8FF	game_or_library_unclassified	unresolved	unreviewed	mechanical_catalog_only	0x2D590	0x20354,0x3ED1E	framework_assignment	pending_assignment
Z_DAT	0x3D922	sub_3D922	game_or_library_unclassified	unresolved	unreviewed	mechanical_catalog_only	0x20D35,0x26B5E,0x28E40,0x2E659,0x2EB49,0x30C3D	0x2005B,0x3ED1E	framework_assignment	pending_assignment
Z_DAT	0x3D939	sub_3D939	game_or_library_unclassified	unresolved	unreviewed	mechanical_catalog_only	0x20FAF,0x30C3D,0x3CBE3,0x3CC97,0x3CD17	0x20087,0x3ED1E	framework_assignment	pending_assignment
Z_DAT	0x3D950	sub_3D950	game_logic	scene	high	machine_code_xor_text_explicit_three_line_pages_and_consumed_bytes	0x2CC21	0x20615,0x20663,0x3D27A,0x3D6E0,0x3D950,0x3ED1E	scene_event	manual_reviewed
Z_DAT	0x3DA40	sub_3DA40	game_or_library_unclassified	unresolved	unreviewed	mechanical_catalog_only	0x25AB7,0x26208,0x265AB	0x3E33D,0x3ED1E,0x3EFB9	framework_assignment	pending_assignment
Z_DAT	0x3DA66	sub_3DA66	game_or_library_unclassified	unresolved	unreviewed	mechanical_catalog_only	0x247DD,0x24C23,0x25AB7,0x29537,0x2C319,0x2CC21,0x2D590,0x30C3D,0x31DA0	0x3DA66,0x3E33D,0x3ED1E,0x3EF4A,0x3EFB9	framework_assignment	pending_assignment
Z_DAT	0x3DABF	sub_3DABF	game_or_library_unclassified	unresolved	unreviewed	mechanical_catalog_only	0x247DD,0x24D43,0x24DB8,0x24E2D,0x24EA2,0x24F17,0x25AB7,0x26208,0x265AB,0x29391,0x2C319,0x2CC21,0x2D590,0x2D841,0x2DBF4,0x2E337,0x2F721,0x30A5A,0x30C3D,0x31DA0	0x3E33D,0x3ED1E,0x3F544	framework_assignment	pending_assignment
Z_DAT	0x3DAE3	sub_3DAE3	game_or_library_unclassified	unresolved	unreviewed	mechanical_catalog_only	0x25AB7,0x26208,0x265AB,0x29537,0x295D0,0x2D841,0x2DBF4,0x2E337,0x2F721	0x3E33D,0x3ED1E,0x3F775	framework_assignment	pending_assignment
Z_DAT	0x3DB07	sub_3DB07	game_or_library_unclassified	unresolved	unreviewed	mechanical_catalog_only	0x247DD,0x24D43,0x24DB8,0x24E2D,0x24EA2,0x24F17,0x25AB7,0x26208,0x265AB,0x29391,0x294AD,0x29537,0x295D0,0x2C319,0x2CC21,0x2D590,0x2D841,0x2DBF4,0x2E337,0x2F721,0x30A5A,0x30C3D,0x31DA0	0x3E33D,0x3ED1E,0x3F728	framework_assignment	pending_assignment
Z_DAT	0x3DB2B	sub_3DB2B	game_or_library_unclassified	unresolved	unreviewed	mechanical_catalog_only	0x247DD,0x24C8D,0x25AB7,0x26208,0x265AB,0x29391,0x29537,0x295D0,0x2C319,0x2CC21,0x2D590,0x2D841,0x2DBF4,0x2E337,0x2F721,0x30A5A,0x30C3D,0x31DA0	0x3E33D,0x3ED1E,0x3F64D	framework_assignment	pending_assignment
Z_DAT	0x3DB47	sub_3DB47	game_or_library_unclassified	unresolved	unreviewed	mechanical_catalog_only	0x2E659	0x3ED1E,0x3F94A	framework_assignment	pending_assignment
Z_DAT	0x3DB83	sub_3DB83	game_or_library_unclassified	unresolved	unreviewed	mechanical_catalog_only	0x27A26,0x2ED8D,0x2F053,0x2F171,0x2F9F2,0x301D1,0x302E0,0x30B81,0x30C3D,0x33599,0x3598C,0x37355,0x37734,0x3859E,0x3884A,0x38910	0x3DB83,0x3ED1E	framework_assignment	pending_assignment
Z_DAT	0x3DD57	sub_3DD57	game_or_library_unclassified	unresolved	unreviewed	mechanical_catalog_only	0x20D35,0x20FAF,0x25D0E,0x31241,0x3CF19	0x3DD57,0x3ED1E	framework_assignment	pending_assignment
Z_DAT	0x3DD66	sub_3DD66	game_or_library_unclassified	unresolved	unreviewed	mechanical_catalog_only	0x3CDFF	0x3DD66,0x3ED1E,0x3EF96,0x3FB7E,0x3FDB9,0x40DE0,0x41005,0x4278C,0x429B1	framework_assignment	pending_assignment
Z_DAT	0x3DE4D	sub_3DE4D	game_or_library_unclassified_report_recovered	unresolved	unreviewed	mechanical_catalog_only			framework_assignment	pending_assignment
Z_DAT	0x3DECB	sub_3DECB	game_or_library_unclassified	unresolved	unreviewed	mechanical_catalog_only	0x3E1B2	0x3DECB,0x3DF59,0x3E55D,0x3ED1E,0x42AF2,0x42BDE,0x42E5C,0x42EC9,0x43239	framework_assignment	pending_assignment
Z_DAT	0x3DF59	sub_3DF59	game_or_library_unclassified	unresolved	unreviewed	mechanical_catalog_only	0x3DECB,0x3E1B2	0x3DF59,0x3E573,0x3ED1E,0x42D0D	framework_assignment	pending_assignment
Z_DAT	0x3DF90	sub_3DF90	game_or_library_unclassified	unresolved	unreviewed	mechanical_catalog_only	0x3E288	0x3DF90,0x3E172,0x3E33D,0x3E55D,0x3ED1E,0x41232,0x41383,0x413F8,0x4146D,0x41601,0x4166E,0x417B5	framework_assignment	pending_assignment
Z_DAT	0x3E088	sub_3E088	game_or_library_unclassified_report_recovered	unresolved	unreviewed	mechanical_catalog_only			framework_assignment	pending_assignment
Z_DAT	0x3E172	sub_3E172	game_or_library_unclassified	unresolved	unreviewed	mechanical_catalog_only	0x3DF90,0x3E2E2	0x3E172,0x3E573,0x3ED1E,0x4159C	framework_assignment	pending_assignment
Z_DAT	0x3E1B2	sub_3E1B2	game_or_library_unclassified	unresolved	unreviewed	mechanical_catalog_only	0x20D35,0x26B5E,0x28E40,0x31C2F,0x31C75	0x3CF45,0x3DECB,0x3DF59,0x3E25B,0x3ED1E	framework_assignment	pending_assignment
Z_DAT	0x3E23B	sub_3E23B	game_or_library_unclassified_report_recovered	unresolved	unreviewed	mechanical_catalog_only			framework_assignment	pending_assignment
Z_DAT	0x3E25B	sub_3E25B	game_or_library_unclassified	unresolved	unreviewed	mechanical_catalog_only	0x20D35,0x25D0E,0x31241,0x3E1B2	0x3ED1E,0x42DE7,0x45224	framework_assignment	pending_assignment
Z_DAT	0x3E288	sub_3E288	game_or_library_unclassified	unresolved	unreviewed	mechanical_catalog_only	0x31C4A,0x3859E,0x3884A	0x3DF90,0x3E288,0x3ED1E	framework_assignment	pending_assignment
Z_DAT	0x3E2E2	sub_3E2E2	game_or_library_unclassified	unresolved	unreviewed	mechanical_catalog_only	0x31C4A,0x3859E,0x3884A	0x3CF45,0x3E172,0x3E288,0x3E2E2,0x3E33D,0x3ED1E	framework_assignment	pending_assignment
Z_DAT	0x3E33D	sub_3E33D	game_or_library_unclassified	unresolved	unreviewed	mechanical_catalog_only	0x3CF45,0x3D27A,0x3D6E0,0x3DA40,0x3DA66,0x3DABF,0x3DAE3,0x3DB07,0x3DB2B,0x3DF90,0x3E2E2	0x3ED1E	framework_assignment	pending_assignment
Z_DAT	0x3E3C2	sub_3E3C2	game_or_library_unclassified	unresolved	unreviewed	mechanical_catalog_only	0x44D38,0x48814,0x4B584	0x3E3C2,0x3E55D,0x3ED5B	framework_assignment	pending_assignment
Z_DAT	0x3E3E7	sub_3E3E7	game_or_library_unclassified	unresolved	unreviewed	mechanical_catalog_only	0x44D38,0x44F4B,0x48814,0x4B584	0x3E3E7,0x3E573,0x45229	framework_assignment	pending_assignment
Z_DAT	0x3E40C	sub_3E40C	game_or_library_unclassified	unresolved	unreviewed	mechanical_catalog_only	0x44D38,0x48814	0x3E40C,0x3E4C6,0x3F516	framework_assignment	pending_assignment
Z_DAT	0x3E497	sub_3E497	game_or_library_unclassified	unresolved	unreviewed	mechanical_catalog_only	0x44D38,0x44F4B,0x48814	0x3F516	framework_assignment	pending_assignment
Z_DAT	0x3E4C6	sub_3E4C6	game_or_library_unclassified	unresolved	unreviewed	mechanical_catalog_only	0x3E40C,0x3E55D,0x3F9C0,0x448D5,0x47516,0x47C90,0x49BF0,0x515C8	0x3E4C6,0x3F516	framework_assignment	pending_assignment
Z_DAT	0x3E535	sub_3E535	game_or_library_unclassified	unresolved	unreviewed	mechanical_catalog_only	0x3E573	0x3E4C6,0x3E535	framework_assignment	pending_assignment
Z_DAT	0x3E55D	sub_3E55D	game_or_library_unclassified	unresolved	unreviewed	mechanical_catalog_only	0x3DECB,0x3DF90,0x3E3C2,0x3F9C0,0x448D5,0x47C90,0x49BF0	0x3E4C6	framework_assignment	pending_assignment
Z_DAT	0x3E573	sub_3E573	game_or_library_unclassified	unresolved	unreviewed	mechanical_catalog_only	0x3DF59,0x3E172,0x3E3E7	0x3E535	framework_assignment	pending_assignment
Z_DAT	0x3EB1E	sub_3EB1E	game_or_library_unclassified	unresolved	unreviewed	mechanical_catalog_only	0x3EB81,0x48DD4,0x4BBBC	0x3EB1E,0x3EFB9,0x3F64D,0x3F6CA	framework_assignment	pending_assignment
Z_DAT	0x3EB81	sub_3EB81	game_or_library_unclassified	unresolved	unreviewed	mechanical_catalog_only	0x48DD4,0x4BBBC	0x3EB1E,0x3EB81,0x3ED5B,0x3EFB9,0x3F544,0x3F64D,0x45229	framework_assignment	pending_assignment
Z_DAT	0x3ED1E	sub_3ED1E	game_or_library_unclassified	unresolved	unreviewed	mechanical_catalog_only	0x20D35,0x20FAF,0x212C0,0x21496,0x21AC0,0x22066,0x22090,0x22A59,0x2399E,0x23AA6,0x23B3E,0x23C98,0x23F28,0x241DC,0x2422A,0x24278,0x24417,0x24496,0x24559,0x24667,0x246F9,0x247DD,0x24A02,0x24C23,0x24C8D,0x24CE8,0x24D43,0x24DB8,0x24E2D,0x24EA2,0x24F17,0x24F8C,0x2558B,0x25911,0x25AB7,0x25BBA,0x25D0E,0x25F87,0x26208,0x265AB,0x269AB,0x26A92,0x26B5E,0x2711A,0x27A26,0x2841A,0x287CA,0x28975,0x28E40,0x29391,0x294AD,0x29537,0x295D0,0x296E6,0x29819,0x299A1,0x29B3C,0x29C36,0x29D2D,0x2A0D9,0x2A10F,0x2A186,0x2A74C,0x2A7E8,0x2A86C,0x2B227,0x2B288,0x2B308,0x2B3B4,0x2B483,0x2BD8B,0x2C0BB,0x2C319,0x2CC21,0x2CEBF,0x2D1CD,0x2D372,0x2D501,0x2D590,0x2D653,0x2D678,0x2D841,0x2DBF4,0x2DD45,0x2DD77,0x2DE03,0x2DE39,0x2DE7D,0x2DF0E,0x2E078,0x2E155,0x2E1E8,0x2E278,0x2E28A,0x2E29C,0x2E2D7,0x2E2F5,0x2E337,0x2E46B,0x2E536,0x2E571,0x2E639,0x2E659,0x2EB49,0x2ED8D,0x2F053,0x2F107,0x2F136,0x2F171,0x2F34C,0x2F39C,0x2F3F0,0x2F526,0x2F62F,0x2F6C2,0x2F6E3,0x2F721,0x2F890,0x2F8AB,0x2F8D1,0x2F966,0x2F9B5,0x2F9F2,0x2FAB7,0x2FBC0,0x2FC9D,0x2FDA6,0x2FEBF,0x2FEDF,0x2FF87,0x2FFB3,0x30035,0x30094,0x300D9,0x300FF,0x301D1,0x302E0,0x30480,0x30510,0x30559,0x30A5A,0x30B45,0x30B81,0x30C3D,0x31241,0x31284,0x312A6,0x31945,0x31C2F,0x31C4A,0x31C75,0x31DA0,0x31EB9,0x3265C,0x3271E,0x32A51,0x32B78,0x32E59,0x33599,0x33C4D,0x33E93,0x340D9,0x341F6,0x343DA,0x34550,0x34AD3,0x34AEC,0x34C47,0x3505B,0x3513A,0x351A7,0x35217,0x35372,0x3540E,0x355FF,0x35667,0x3570F,0x35803,0x3582B,0x3598C,0x36133,0x361AC,0x36210,0x363AC,0x3650E,0x36A98,0x36AF7,0x36E06,0x36E7F,0x36EF8,0x36FF9,0x37070,0x37166,0x371AE,0x371F7,0x3721E,0x37245,0x37355,0x37734,0x3859E,0x3884A,0x38910,0x38999,0x38DAC,0x39188,0x395EC,0x39776,0x397E5,0x39A45,0x39B1F,0x39B8E,0x39DA3,0x39E88,0x39EF7,0x3A10C,0x3A29C,0x3A30B,0x3A8A4,0x3AA17,0x3AA4B,0x3AA85,0x3B1E6,0x3B238,0x3B387,0x3B6BE,0x3BA85,0x3C2AC,0x3C563,0x3C672,0x3C6D3,0x3CBE3,0x3CC97,0x3CD17,0x3CDFF,0x3CF19,0x3CF45,0x3D1E5,0x3D27A,0x3D34A,0x3D5DE,0x3D612,0x3D643,0x3D68A,0x3D6D1,0x3D6E0,0x3D832,0x3D88A,0x3D8AD,0x3D8D8,0x3D8FF,0x3D922,0x3D939,0x3D950,0x3DA40,0x3DA66,0x3DABF,0x3DAE3,0x3DB07,0x3DB2B,0x3DB47,0x3DB83,0x3DD57,0x3DD66,0x3DECB,0x3DF59,0x3DF90,0x3E172,0x3E1B2,0x3E25B,0x3E288,0x3E2E2,0x3E33D	0x3ED31	framework_assignment	pending_assignment
Z_DAT	0x3ED31	sub_3ED31	game_or_library_unclassified	unresolved	unreviewed	mechanical_catalog_only	0x3ED1E	0x3ED31,0x3ED4F	framework_assignment	pending_assignment
Z_DAT	0x3ED4F	sub_3ED4F	game_or_library_unclassified	unresolved	unreviewed	mechanical_catalog_only	0x3ED31,0x3F775	0x453CF	framework_assignment	pending_assignment
Z_DAT	0x3ED5B	sub_3ED5B	game_or_library_unclassified	unresolved	unreviewed	mechanical_catalog_only	0x20D35,0x3E3C2,0x3EB81,0x4DFAC,0x4E524	0x3ED69	framework_assignment	pending_assignment
Z_DAT	0x3ED69	sub_3ED69	game_or_library_unclassified	unresolved	unreviewed	mechanical_catalog_only	0x3ED5B	0x3ED69,0x453FE,0x459E3,0x45BC2	framework_assignment	pending_assignment
Z_DAT	0x3EE5E	nullsub_1	game_or_library_unclassified	unresolved	unreviewed	mechanical_catalog_only	0x3EE5F,0x3EE79		framework_assignment	pending_assignment
Z_DAT	0x3EE5F	sub_3EE5F	game_or_library_unclassified	unresolved	unreviewed	mechanical_catalog_only	0x20D35,0x20FAF,0x25D0E,0x27A26,0x2E659,0x2EB49,0x31241,0x3CDFF,0x3D6E0	0x3EE5E,0x3EE79	framework_assignment	pending_assignment
Z_DAT	0x3EE79	sub_3EE79	game_or_library_unclassified	unresolved	unreviewed	mechanical_catalog_only	0x3EE5F	0x3EE5E,0x3F234	framework_assignment	pending_assignment
Z_DAT	0x3EE90	sub_3EE90	game_or_library_unclassified	unresolved	unreviewed	mechanical_catalog_only	0x24A02,0x24F8C,0x26B5E,0x2A10F,0x453A0	0x3EE90,0x3EEC7	framework_assignment	pending_assignment
Z_DAT	0x3EEC7	sub_3EEC7	game_or_library_unclassified	unresolved	unreviewed	mechanical_catalog_only	0x21496,0x21AC0,0x2711A,0x2B483,0x2D678,0x300FF,0x312A6,0x3C2AC,0x3EE90	0x3EEC7	framework_assignment	pending_assignment
Z_DAT	0x3EF4A	sub_3EF4A	game_or_library_unclassified	unresolved	unreviewed	mechanical_catalog_only	0x21496,0x21AC0,0x22090,0x22A59,0x25D0E,0x25F87,0x269AB,0x26B5E,0x2711A,0x27A26,0x2841A,0x287CA,0x28975,0x2A186,0x2A86C,0x2B483,0x2C0BB,0x2D678,0x2DD77,0x2DE7D,0x2DF0E,0x2E155,0x2E659,0x2EB49,0x2F3F0,0x2F526,0x2FAB7,0x2FBC0,0x2FC9D,0x2FDA6,0x2FFB3,0x30035,0x312A6,0x31EB9,0x32E59,0x37734,0x38DAC,0x3AA85,0x3B238,0x3B387,0x3B6BE,0x3BA85,0x3C2AC,0x3C6D3,0x3CF45,0x3D6E0,0x3DA66,0x4BEBC	0x45BC5	framework_assignment	pending_assignment
Z_DAT	0x3EF7D	sub_3EF7D	game_or_library_unclassified	unresolved	unreviewed	mechanical_catalog_only	0x22090,0x2A186,0x2C0BB,0x2D678,0x2DF0E,0x2F3F0,0x2F526,0x2FAB7,0x2FBC0,0x2FC9D,0x2FDA6,0x37734,0x3BA85,0x449A3,0x44A44		framework_assignment	pending_assignment
Z_DAT	0x3EF96	sub_3EF96	game_or_library_unclassified	unresolved	unreviewed	mechanical_catalog_only	0x247DD,0x24F8C,0x26208,0x265AB,0x29391,0x294AD,0x29537,0x295D0,0x2C319,0x2CC21,0x2D590,0x2D841,0x2DBF4,0x2E337,0x2F721,0x30A5A,0x30C3D,0x31241,0x31DA0,0x3CDFF,0x3CF45,0x3D6E0,0x3DD66	0x467BC	framework_assignment	pending_assignment
Z_DAT	0x3EFB9	sub_3EFB9	game_or_library_unclassified	unresolved	unreviewed	mechanical_catalog_only	0x26208,0x265AB,0x29391,0x294AD,0x295D0,0x2D841,0x2DBF4,0x2E337,0x2F721,0x30A5A,0x3CDFF,0x3CF45,0x3D6E0,0x3DA40,0x3DA66,0x3EB1E,0x3EB81	0x3EFDB	framework_assignment	pending_assignment
Z_DAT	0x3EFDB	sub_3EFDB	game_or_library_unclassified	unresolved	unreviewed	mechanical_catalog_only	0x3EFB9,0x47691	0x3EFDB,0x4684D,0x46891,0x468DB,0x46956,0x469AC	framework_assignment	pending_assignment
Z_DAT	0x3F234	start	game_or_library_unclassified	unresolved	unreviewed	mechanical_catalog_only		0x3F234,0x469C2,0x46A1C,0x46A67	framework_assignment	pending_assignment
Z_DAT	0x3F50B	sub_3F50B	game_or_library_unclassified	unresolved	unreviewed	mechanical_catalog_only	0x2B483,0x2BD8B,0x34550,0x34AEC,0x3540E,0x3598C,0x36210,0x3650E,0x37355,0x37734,0x397E5,0x39B8E,0x39EF7,0x3A30B	0x3F50B	framework_assignment	pending_assignment
Z_DAT	0x3F516	sub_3F516	game_or_library_unclassified	unresolved	unreviewed	mechanical_catalog_only	0x3CDFF,0x3E40C,0x3E497,0x3E4C6	0x46AB6,0x46AE0	framework_assignment	pending_assignment
Z_DAT	0x3F544	sub_3F544	game_or_library_unclassified	unresolved	unreviewed	mechanical_catalog_only	0x3CDFF,0x3CF45,0x3D27A,0x3D6E0,0x3DABF,0x3EB81	0x3F544,0x3F728,0x46891,0x468DB,0x46956	framework_assignment	pending_assignment
Z_DAT	0x3F64D	sub_3F64D	game_or_library_unclassified	unresolved	unreviewed	mechanical_catalog_only	0x3CDFF,0x3CF45,0x3D6E0,0x3DB2B,0x3EB1E,0x3EB81	0x46B03	framework_assignment	pending_assignment
Z_DAT	0x3F65B	sub_3F65B	game_or_library_unclassified	unresolved	unreviewed	mechanical_catalog_only	0x3CDFF	0x3F65B	framework_assignment	pending_assignment
Z_DAT	0x3F690	sub_3F690	game_or_library_unclassified	unresolved	unreviewed	mechanical_catalog_only	0x3CDFF,0x3CF19	0x3F690	framework_assignment	pending_assignment
Z_DAT	0x3F6CA	sub_3F6CA	game_or_library_unclassified	unresolved	unreviewed	mechanical_catalog_only	0x3CF45,0x3EB1E	0x3F6CA,0x3F728	framework_assignment	pending_assignment
Z_DAT	0x3F728	sub_3F728	game_or_library_unclassified	unresolved	unreviewed	mechanical_catalog_only	0x3CF45,0x3D27A,0x3D6E0,0x3DB07,0x3F544,0x3F6CA,0x47BE9,0x4E02C,0x4E663,0x51A4B	0x3F728,0x468DB	framework_assignment	pending_assignment
Z_DAT	0x3F775	sub_3F775	game_or_library_unclassified	unresolved	unreviewed	mechanical_catalog_only	0x3DAE3	0x3ED4F,0x3F775,0x46891,0x468DB,0x46956,0x46B38	framework_assignment	pending_assignment
Z_DAT	0x3F94A	sub_3F94A	game_or_library_unclassified	unresolved	unreviewed	mechanical_catalog_only	0x3DB47		framework_assignment	pending_assignment
Z_DAT	0x3F969	sub_3F969	game_or_library_unclassified	unresolved	unreviewed	mechanical_catalog_only	0x3D5DE		framework_assignment	pending_assignment
Z_DAT	0x3F987	sub_3F987	game_or_library_unclassified	unresolved	unreviewed	mechanical_catalog_only	0x3F98D,0x3F9B0		framework_assignment	pending_assignment
Z_DAT	0x3F98D	sub_3F98D	game_or_library_unclassified	unresolved	unreviewed	mechanical_catalog_only	0x3D612	0x3F987,0x3F98D	framework_assignment	pending_assignment
Z_DAT	0x3F9B0	sub_3F9B0	game_or_library_unclassified	unresolved	unreviewed	mechanical_catalog_only	0x3D5DE	0x3F987,0x3F9B0	framework_assignment	pending_assignment
Z_DAT	0x3F9C0	sub_3F9C0	game_or_library_unclassified	unresolved	unreviewed	mechanical_catalog_only	0x3FB7E	0x3E4C6,0x3E55D,0x3F9C0	framework_assignment	pending_assignment
Z_DAT	0x3FAD8	sub_3FAD8	game_or_library_unclassified	unresolved	unreviewed	mechanical_catalog_only	0x3DD57,0x3FB7E,0x3FDB9,0x3FEAD,0x3FF9B,0x40083,0x400FA,0x401EE,0x40258,0x40597,0x40679,0x4075D,0x407CA,0x40975,0x40AF9,0x40B5E,0x40BBB,0x40C97,0x40D7B,0x40DE0,0x40EBC,0x41005,0x41232,0x41383,0x413F8,0x4146D,0x4159C,0x41601,0x4166E,0x417B5,0x4278C,0x42868,0x429B1,0x42AF2,0x42BDE,0x42C43,0x42D0D,0x42DE7,0x42E5C,0x42EC9,0x43239,0x43C34,0x443BF,0x4449B,0x44508	0x3FAD8,0x46B44,0x46B51,0x4753B	framework_assignment	pending_assignment
Z_DAT	0x3FB7E	sub_3FB7E	game_or_library_unclassified	unresolved	unreviewed	mechanical_catalog_only	0x3DD66	0x3F9C0,0x3FAD8,0x3FB7E,0x45060,0x4684D,0x47306,0x473C0,0x47498,0x4753B,0x47560,0x477D1,0x478A0,0x478CD,0x4795A,0x47A99,0x47AEC	framework_assignment	pending_assignment
Z_DAT	0x3FDB9	sub_3FDB9	game_or_library_unclassified	unresolved	unreviewed	mechanical_catalog_only	0x3DD66,0x45060	0x3FAD8,0x3FDB9,0x3FEAD,0x44D1D,0x472FA,0x4753B	framework_assignment	pending_assignment
Z_DAT	0x3FEA3	sub_3FEA3	game_or_library_unclassified	unresolved	unreviewed	mechanical_catalog_only	0x46CE7,0x471E3,0x47306,0x4734D,0x47375,0x4739C,0x473C0,0x4741A,0x47468,0x47498,0x474CE,0x48F44,0x4BE2C	0x46B44	framework_assignment	pending_assignment
Z_DAT	0x3FEA8	sub_3FEA8	game_or_library_unclassified	unresolved	unreviewed	mechanical_catalog_only	0x46CE7,0x471E3,0x47306,0x4734D,0x47375,0x4739C,0x473C0,0x4743A,0x47468,0x47498,0x47500,0x48F44,0x4BE2C	0x46B51	framework_assignment	pending_assignment
Z_DAT	0x3FEAD	sub_3FEAD	game_or_library_unclassified	unresolved	unreviewed	mechanical_catalog_only	0x44D38	0x3FAD8,0x3FEAD,0x46E75,0x472FA,0x4753B	framework_assignment	pending_assignment
Z_DAT	0x3FF9B	sub_3FF9B	game_or_library_unclassified	unresolved	unreviewed	mechanical_catalog_only	0x44D38,0x44F4B	0x3DD57,0x3FAD8,0x3FF9B,0x46EA1,0x472FA,0x4753B	framework_assignment	pending_assignment
Z_DAT	0x40083	sub_40083	game_or_library_unclassified	unresolved	unreviewed	mechanical_catalog_only	0x44F4B,0x48814	0x3DD57,0x3FAD8,0x40083,0x47133,0x472FA,0x4753B	framework_assignment	pending_assignment
Z_DAT	0x400FA	sub_400FA	game_or_library_unclassified	unresolved	unreviewed	mechanical_catalog_only	0x44D38,0x44F4B,0x44FE7,0x48278,0x48684,0x48814,0x491C4,0x49D94,0x4A8C0,0x4A97C,0x4B458,0x4B584,0x4BEBC	0x3FAD8,0x3FDB9,0x3FEAD,0x400FA,0x471E3,0x472FA,0x4753B	framework_assignment	pending_assignment
Z_DAT	0x401EE	sub_401EE	game_or_library_unclassified	unresolved	unreviewed	mechanical_catalog_only	0x4A8C0,0x4B584	0x3DD57,0x3FAD8,0x401EE,0x472BD,0x472FA,0x4753B	framework_assignment	pending_assignment
Z_DAT	0x40253	sub_40253	game_or_library_unclassified	unresolved	unreviewed	mechanical_catalog_only	0x4A8C0,0x4BEBC	0x472FA	framework_assignment	pending_assignment
Z_DAT	0x40258	sub_40258	game_or_library_unclassified	unresolved	unreviewed	mechanical_catalog_only	0x48E94,0x4BC7C	0x3FAD8,0x40258,0x44A44,0x472FA,0x4753B	framework_assignment	pending_assignment
Z_DAT	0x40597	sub_40597	game_or_library_unclassified	unresolved	unreviewed	mechanical_catalog_only	0x44D38,0x48814,0x4B584	0x3FAD8,0x3FEAD,0x40597,0x472FA,0x47306,0x4753B	framework_assignment	pending_assignment
Z_DAT	0x40679	sub_40679	game_or_library_unclassified	unresolved	unreviewed	mechanical_catalog_only	0x44D38,0x48814,0x4B584	0x3FAD8,0x3FEAD,0x40597,0x40679,0x472FA,0x4734D,0x4753B	framework_assignment	pending_assignment
Z_DAT	0x4075D	sub_4075D	game_or_library_unclassified	unresolved	unreviewed	mechanical_catalog_only	0x46D4C,0x47498,0x474F8	0x3FAD8,0x3FF9B,0x4075D,0x472FA,0x47468,0x4753B	framework_assignment	pending_assignment
Z_DAT	0x407CA	sub_407CA	game_or_library_unclassified	unresolved	unreviewed	mechanical_catalog_only	0x44D38,0x48814,0x4B584	0x3FAD8,0x3FF9B,0x407CA,0x472FA,0x47498,0x4753B	framework_assignment	pending_assignment
Z_DAT	0x40975	sub_40975	game_or_library_unclassified	unresolved	unreviewed	mechanical_catalog_only	0x44D38,0x48814,0x4B584	0x3DD57,0x3FAD8,0x40975,0x472FA,0x473C0,0x4753B	framework_assignment	pending_assignment
Z_DAT	0x40AF9	sub_40AF9	game_or_library_unclassified	unresolved	unreviewed	mechanical_catalog_only	0x44F4B,0x4739C	0x3DD57,0x3FAD8,0x40AF9,0x472FA,0x47375,0x4753B	framework_assignment	pending_assignment
Z_DAT	0x40B5E	sub_40B5E	game_or_library_unclassified	unresolved	unreviewed	mechanical_catalog_only	0x45173	0x3DD57,0x3FAD8,0x40B5E,0x472FA,0x4739C,0x4753B	framework_assignment	pending_assignment
Z_DAT	0x40BBB	sub_40BBB	game_or_library_unclassified	unresolved	unreviewed	mechanical_catalog_only	0x48814,0x4B584	0x3FAD8,0x3FEAD,0x40BBB,0x44FE7,0x472FA,0x4753B	framework_assignment	pending_assignment
Z_DAT	0x40C97	sub_40C97	game_or_library_unclassified	unresolved	unreviewed	mechanical_catalog_only	0x48DD4,0x4BBBC	0x3FAD8,0x3FEAD,0x40C97,0x44D38,0x472FA,0x4753B	framework_assignment	pending_assignment
Z_DAT	0x40D7B	sub_40D7B	game_or_library_unclassified	unresolved	unreviewed	mechanical_catalog_only	0x45173,0x48DD4,0x4BBBC	0x3DD57,0x3FAD8,0x40D7B,0x44F4B,0x472FA,0x4753B	framework_assignment	pending_assignment
Z_DAT	0x40DE0	sub_40DE0	game_or_library_unclassified	unresolved	unreviewed	mechanical_catalog_only	0x3DD66	0x3FAD8,0x3FDB9,0x3FEAD,0x40DE0,0x472FA,0x4753B,0x48E94	framework_assignment	pending_assignment
Z_DAT	0x40EBC	sub_40EBC	game_or_library_unclassified	unresolved	unreviewed	mechanical_catalog_only	0x48E94	0x3FAD8,0x3FEAD,0x40EBC,0x472FA,0x4753B,0x48DD4	framework_assignment	pending_assignment
Z_DAT	0x41005	sub_41005	game_or_library_unclassified	unresolved	unreviewed	mechanical_catalog_only	0x3DD66	0x3FAD8,0x3FEAD,0x41005,0x472FA,0x4753B,0x48F44	framework_assignment	pending_assignment
Z_DAT	0x41232	sub_41232	game_or_library_unclassified	unresolved	unreviewed	mechanical_catalog_only	0x3DF90,0x48F44	0x3DD57,0x3FAD8,0x41232,0x472FA,0x4753B,0x48FC0	framework_assignment	pending_assignment
Z_DAT	0x41383	sub_41383	game_or_library_unclassified	unresolved	unreviewed	mechanical_catalog_only	0x3DF90	0x3FAD8,0x41383,0x472FA,0x4753B,0x49094	framework_assignment	pending_assignment
Z_DAT	0x413F8	sub_413F8	game_or_library_unclassified	unresolved	unreviewed	mechanical_catalog_only	0x3DF90	0x3FAD8,0x41383,0x413F8,0x472FA,0x4753B,0x490BC	framework_assignment	pending_assignment
Z_DAT	0x4146D	sub_4146D	game_or_library_unclassified	unresolved	unreviewed	mechanical_catalog_only	0x3DF90	0x3DD57,0x3FAD8,0x4146D,0x472FA,0x4753B,0x491C4	framework_assignment	pending_assignment
Z_DAT	0x4159C	sub_4159C	game_or_library_unclassified	unresolved	unreviewed	mechanical_catalog_only	0x3E172	0x3DD57,0x3FAD8,0x4159C,0x472FA,0x4753B,0x492A8	framework_assignment	pending_assignment
Z_DAT	0x41601	sub_41601	game_or_library_unclassified	unresolved	unreviewed	mechanical_catalog_only	0x3DF90	0x3FAD8,0x3FF9B,0x41601,0x472FA,0x4753B,0x49100	framework_assignment	pending_assignment
Z_DAT	0x4166E	sub_4166E	game_or_library_unclassified	unresolved	unreviewed	mechanical_catalog_only	0x3DF90	0x3FAD8,0x3FF9B,0x4166E,0x472FA,0x4753B,0x49120	framework_assignment	pending_assignment
Z_DAT	0x41748	sub_41748	game_or_library_unclassified_report_recovered	unresolved	unreviewed	mechanical_catalog_only			framework_assignment	pending_assignment
Z_DAT	0x417B5	sub_417B5	game_or_library_unclassified	unresolved	unreviewed	mechanical_catalog_only	0x3DF90	0x3FAD8,0x3FEAD,0x40597,0x417B5,0x472FA,0x4753B,0x49084	framework_assignment	pending_assignment
Z_DAT	0x4278C	sub_4278C	game_or_library_unclassified	unresolved	unreviewed	mechanical_catalog_only	0x3DD66	0x3FAD8,0x3FDB9,0x3FEAD,0x4278C,0x472FA,0x4753B,0x4BC7C	framework_assignment	pending_assignment
Z_DAT	0x42868	sub_42868	game_or_library_unclassified	unresolved	unreviewed	mechanical_catalog_only	0x4BC7C	0x3FAD8,0x3FEAD,0x42868,0x472FA,0x4753B,0x4BBBC	framework_assignment	pending_assignment
Z_DAT	0x429B1	sub_429B1	game_or_library_unclassified	unresolved	unreviewed	mechanical_catalog_only	0x3DD66	0x3FAD8,0x3FEAD,0x429B1,0x472FA,0x4753B,0x4BE2C	framework_assignment	pending_assignment
Z_DAT	0x42AF2	sub_42AF2	game_or_library_unclassified	unresolved	unreviewed	mechanical_catalog_only	0x3DECB	0x3FAD8,0x3FDB9,0x3FEAD,0x42AF2,0x472FA,0x4753B,0x4BEBC	framework_assignment	pending_assignment
Z_DAT	0x42BDE	sub_42BDE	game_or_library_unclassified	unresolved	unreviewed	mechanical_catalog_only	0x3DECB	0x3DD57,0x3FAD8,0x42BDE,0x472FA,0x4753B,0x4C230	framework_assignment	pending_assignment
Z_DAT	0x42C43	sub_42C43	game_or_library_unclassified	unresolved	unreviewed	mechanical_catalog_only	0x4C230,0x4C368	0x3DD57,0x3FAD8,0x42C43,0x472FA,0x4753B,0x4C264	framework_assignment	pending_assignment
Z_DAT	0x42D0D	sub_42D0D	game_or_library_unclassified	unresolved	unreviewed	mechanical_catalog_only	0x3DF59	0x3DD57,0x3FAD8,0x42D0D,0x472FA,0x4753B,0x4C368	framework_assignment	pending_assignment
Z_DAT	0x42DE7	sub_42DE7	game_or_library_unclassified	unresolved	unreviewed	mechanical_catalog_only	0x3E25B	0x3FAD8,0x41383,0x42DE7,0x472FA,0x4753B,0x4C400	framework_assignment	pending_assignment
Z_DAT	0x42E5C	sub_42E5C	game_or_library_unclassified	unresolved	unreviewed	mechanical_catalog_only	0x3DECB	0x3FAD8,0x3FF9B,0x42E5C,0x472FA,0x4753B,0x4C38C	framework_assignment	pending_assignment
Z_DAT	0x42EC9	sub_42EC9	game_or_library_unclassified	unresolved	unreviewed	mechanical_catalog_only	0x3DECB	0x3FAD8,0x3FEAD,0x40597,0x42EC9,0x472FA,0x4753B,0x4C46C	framework_assignment	pending_assignment
Z_DAT	0x43239	sub_43239	game_or_library_unclassified	unresolved	unreviewed	mechanical_catalog_only	0x3DECB	0x3FAD8,0x3FF9B,0x43239,0x472FA,0x4753B,0x4C4B0	framework_assignment	pending_assignment
Z_DAT	0x43C34	sub_43C34	game_or_library_unclassified	unresolved	unreviewed	mechanical_catalog_only	0x4A478	0x3FAD8,0x3FF9B,0x43C34,0x472FA,0x4753B,0x4C790	framework_assignment	pending_assignment
Z_DAT	0x443BF	sub_443BF	game_or_library_unclassified	unresolved	unreviewed	mechanical_catalog_only	0x4A478	0x3FAD8,0x3FDB9,0x3FEAD,0x443BF,0x472FA,0x4753B,0x4C8F4	framework_assignment	pending_assignment
Z_DAT	0x4449B	sub_4449B	game_or_library_unclassified	unresolved	unreviewed	mechanical_catalog_only	0x4A478,0x4C264	0x3FAD8,0x3FF9B,0x4449B,0x472FA,0x4753B,0x4CA64	framework_assignment	pending_assignment
Z_DAT	0x44508	sub_44508	game_or_library_unclassified	unresolved	unreviewed	mechanical_catalog_only	0x4A478	0x3FAD8,0x41383,0x44508,0x472FA,0x4753B,0x4CB74	framework_assignment	pending_assignment
Z_DAT	0x448D5	sub_448D5	game_or_library_unclassified	unresolved	unreviewed	mechanical_catalog_only	0x45060	0x3E4C6,0x3E55D,0x448D5	framework_assignment	pending_assignment
Z_DAT	0x449A3	sub_449A3	game_or_library_unclassified	unresolved	unreviewed	mechanical_catalog_only	0x44A44	0x3EF7D,0x449A3,0x4D987	framework_assignment	pending_assignment
Z_DAT	0x44A44	sub_44A44	game_or_library_unclassified	unresolved	unreviewed	mechanical_catalog_only	0x40258	0x3EF7D,0x449A3,0x44A44,0x453A0,0x477D1,0x47AEC,0x47B11,0x4D9B3,0x4DA0E	framework_assignment	pending_assignment
Z_DAT	0x44D1D	sub_44D1D	game_or_library_unclassified	unresolved	unreviewed	mechanical_catalog_only	0x3FDB9		framework_assignment	pending_assignment
Z_DAT	0x44D38	sub_44D38	game_or_library_unclassified	unresolved	unreviewed	mechanical_catalog_only	0x40C97	0x3E3C2,0x3E3E7,0x3E40C,0x3E497,0x3FEAD,0x3FF9B,0x400FA,0x40597,0x40679,0x407CA,0x40975,0x44D38,0x47AEC,0x4D9B3,0x4DA8A	framework_assignment	pending_assignment
Z_DAT	0x44F4B	sub_44F4B	game_or_library_unclassified	unresolved	unreviewed	mechanical_catalog_only	0x40D7B	0x3E3E7,0x3E497,0x3FF9B,0x40083,0x400FA,0x40AF9,0x44F4B	framework_assignment	pending_assignment
Z_DAT	0x44FE7	sub_44FE7	game_or_library_unclassified	unresolved	unreviewed	mechanical_catalog_only	0x40BBB	0x400FA,0x44FE7,0x47560,0x4DADC	framework_assignment	pending_assignment
Z_DAT	0x45060	sub_45060	game_or_library_unclassified	unresolved	unreviewed	mechanical_catalog_only	0x3FB7E	0x3FDB9,0x448D5,0x45060,0x46D4C	framework_assignment	pending_assignment
Z_DAT	0x45173	sub_45173	game_or_library_unclassified	unresolved	unreviewed	mechanical_catalog_only	0x3DD57	0x40B5E,0x40D7B,0x45173,0x46E3A	framework_assignment	pending_assignment
Z_DAT	0x45224	sub_45224	game_or_library_unclassified	unresolved	unreviewed	mechanical_catalog_only	0x3E25B	0x4DB3B	framework_assignment	pending_assignment
Z_DAT	0x45229	sub_45229	game_or_library_unclassified	unresolved	unreviewed	mechanical_catalog_only	0x3E3E7,0x3EB81,0x47BE9,0x48DD4,0x4BBBC	0x45237	framework_assignment	pending_assignment
Z_DAT	0x45237	sub_45237	game_or_library_unclassified	unresolved	unreviewed	mechanical_catalog_only	0x45229,0x45911,0x459E3	0x45237,0x454A6	framework_assignment	pending_assignment
Z_DAT	0x453A0	sub_453A0	game_or_library_unclassified	unresolved	unreviewed	mechanical_catalog_only	0x44A44,0x48814,0x4AC6C,0x4B584,0x4E524	0x3EE90	framework_assignment	pending_assignment
Z_DAT	0x453C2	sub_453C2	game_or_library_unclassified	unresolved	unreviewed	mechanical_catalog_only	0x453CF	0x3F234	framework_assignment	pending_assignment
Z_DAT	0x453CF	sub_453CF	game_or_library_unclassified	unresolved	unreviewed	mechanical_catalog_only	0x3ED4F,0x4DE0A	0x453C2,0x453CF,0x4DB75	framework_assignment	pending_assignment
Z_DAT	0x453FE	sub_453FE	game_or_library_unclassified	unresolved	unreviewed	mechanical_catalog_only	0x3ED69	0x453FE	framework_assignment	pending_assignment
Z_DAT	0x454A6	sub_454A6	game_or_library_unclassified	unresolved	unreviewed	mechanical_catalog_only	0x45237	0x454A6	framework_assignment	pending_assignment
Z_DAT	0x455B1	sub_455B1	game_or_library_unclassified	unresolved	unreviewed	mechanical_catalog_only	0x455F2	0x455B1	framework_assignment	pending_assignment
Z_DAT	0x455F2	sub_455F2	game_or_library_unclassified	unresolved	unreviewed	mechanical_catalog_only	0x45841	0x455B1,0x455F2	framework_assignment	pending_assignment
Z_DAT	0x45780	sub_45780	game_or_library_unclassified	unresolved	unreviewed	mechanical_catalog_only	0x45911,0x459E3	0x45780	framework_assignment	pending_assignment
Z_DAT	0x457F4	sub_457F4	game_or_library_unclassified	unresolved	unreviewed	mechanical_catalog_only	0x45B46	0x457F4	framework_assignment	pending_assignment
Z_DAT	0x45841	sub_45841	game_or_library_unclassified	unresolved	unreviewed	mechanical_catalog_only	0x45911	0x455F2,0x45841	framework_assignment	pending_assignment
Z_DAT	0x45911	sub_45911	game_or_library_unclassified	unresolved	unreviewed	mechanical_catalog_only	0x459E3	0x45237,0x45780,0x45841,0x45911,0x45B46	framework_assignment	pending_assignment
Z_DAT	0x459E3	sub_459E3	game_or_library_unclassified	unresolved	unreviewed	mechanical_catalog_only	0x3ED69	0x45237,0x45780,0x45911,0x459E3,0x45B46,0x4DC7A	framework_assignment	pending_assignment
Z_DAT	0x45B46	sub_45B46	game_or_library_unclassified	unresolved	unreviewed	mechanical_catalog_only	0x45911,0x459E3	0x457F4,0x45B46	framework_assignment	pending_assignment
Z_DAT	0x45BC2	sub_45BC2	game_or_library_unclassified	unresolved	unreviewed	mechanical_catalog_only	0x3ED69		framework_assignment	pending_assignment
Z_DAT	0x45BC5	sub_45BC5	game_or_library_unclassified	unresolved	unreviewed	mechanical_catalog_only	0x3EF4A,0x467BC	0x45BC5,0x45ECD,0x4624B	framework_assignment	pending_assignment
Z_DAT	0x45ECD	sub_45ECD	game_or_library_unclassified	unresolved	unreviewed	mechanical_catalog_only	0x45BC5	0x45ECD,0x46018	framework_assignment	pending_assignment
Z_DAT	0x46018	sub_46018	game_or_library_unclassified	unresolved	unreviewed	mechanical_catalog_only	0x45ECD	0x46018	framework_assignment	pending_assignment
Z_DAT	0x4607D	sub_4607D	game_or_library_unclassified	unresolved	unreviewed	mechanical_catalog_only	0x4624B	0x4607D	framework_assignment	pending_assignment
Z_DAT	0x460A3	sub_460A3	game_or_library_unclassified	unresolved	unreviewed	mechanical_catalog_only	0x4624B	0x45BC5,0x460A3	framework_assignment	pending_assignment
Z_DAT	0x460D4	sub_460D4	game_or_library_unclassified	unresolved	unreviewed	mechanical_catalog_only	0x4624B	0x460D4,0x4DDD5	framework_assignment	pending_assignment
Z_DAT	0x46133	sub_46133	game_or_library_unclassified	unresolved	unreviewed	mechanical_catalog_only	0x4624B	0x46133,0x4DDD5	framework_assignment	pending_assignment
Z_DAT	0x46230	sub_46230	game_or_library_unclassified	unresolved	unreviewed	mechanical_catalog_only	0x4624B	0x4DE0A	framework_assignment	pending_assignment
Z_DAT	0x4624B	sub_4624B	game_or_library_unclassified	unresolved	unreviewed	mechanical_catalog_only	0x45BC5	0x45BC5,0x4607D,0x460A3,0x460D4,0x46133,0x46230,0x4624B,0x4677C,0x4DDD5,0x4DE3F,0x4DE8F	framework_assignment	pending_assignment
Z_DAT	0x4677C	sub_4677C	game_or_library_unclassified	unresolved	unreviewed	mechanical_catalog_only	0x4624B	0x46230,0x4677C,0x4D987	framework_assignment	pending_assignment
Z_DAT	0x467BC	sub_467BC	game_or_library_unclassified	unresolved	unreviewed	mechanical_catalog_only	0x3EF96,0x4753B	0x45BC5,0x467BC,0x4DFAC,0x4E02C	framework_assignment	pending_assignment
Z_DAT	0x4684D	sub_4684D	game_or_library_unclassified	unresolved	unreviewed	mechanical_catalog_only	0x3EFDB,0x3FB7E,0x46956,0x4E7B6		framework_assignment	pending_assignment
Z_DAT	0x46891	sub_46891	game_or_library_unclassified	unresolved	unreviewed	mechanical_catalog_only	0x3EFDB,0x3F544,0x3F775,0x468DB,0x46B03,0x475C2,0x4E02C,0x4E524,0x4E663,0x5168C,0x518F0	0x4E10E	framework_assignment	pending_assignment
Z_DAT	0x4689D	sub_4689D	game_or_library_unclassified	unresolved	unreviewed	mechanical_catalog_only	0x468DB	0x46891,0x4E114	framework_assignment	pending_assignment
Z_DAT	0x468DB	sub_468DB	game_or_library_unclassified	unresolved	unreviewed	mechanical_catalog_only	0x3EFDB,0x3F544,0x3F728,0x3F775,0x518F0,0x51A5D,0x51ADE	0x46891,0x4689D,0x468DB	framework_assignment	pending_assignment
Z_DAT	0x46956	sub_46956	game_or_library_unclassified	unresolved	unreviewed	mechanical_catalog_only	0x3EFDB,0x3F544,0x3F775,0x518F0	0x4684D,0x46956	framework_assignment	pending_assignment
Z_DAT	0x469AC	sub_469AC	game_or_library_unclassified	unresolved	unreviewed	mechanical_catalog_only	0x3EFDB,0x46B03		framework_assignment	pending_assignment
Z_DAT	0x469C2	sub_469C2	game_or_library_unclassified	unresolved	unreviewed	mechanical_catalog_only	0x3F234	0x20D35,0x469C2,0x46B38,0x4E11A	framework_assignment	pending_assignment
Z_DAT	0x46A1C	sub_46A1C	game_or_library_unclassified	unresolved	unreviewed	mechanical_catalog_only	0x3F234	0x46A1C	framework_assignment	pending_assignment
Z_DAT	0x46A67	sub_46A67	game_or_library_unclassified	unresolved	unreviewed	mechanical_catalog_only	0x3F234	0x46A67	framework_assignment	pending_assignment
Z_DAT	0x46AB6	sub_46AB6	game_or_library_unclassified	unresolved	unreviewed	mechanical_catalog_only	0x3F516		framework_assignment	pending_assignment
Z_DAT	0x46AE0	sub_46AE0	game_or_library_unclassified	unresolved	unreviewed	mechanical_catalog_only	0x3F516	0x4E126	framework_assignment	pending_assignment
Z_DAT	0x46B03	sub_46B03	game_or_library_unclassified	unresolved	unreviewed	mechanical_catalog_only	0x3F64D,0x47BE9	0x46891,0x469AC,0x46B03	framework_assignment	pending_assignment
Z_DAT	0x46B38	sub_46B38	game_or_library_unclassified	unresolved	unreviewed	mechanical_catalog_only	0x3F775,0x469C2		framework_assignment	pending_assignment
Z_DAT	0x46B44	sub_46B44	game_or_library_unclassified	unresolved	unreviewed	mechanical_catalog_only	0x3FAD8,0x3FEA3		framework_assignment	pending_assignment
Z_DAT	0x46B51	sub_46B51	game_or_library_unclassified	unresolved	unreviewed	mechanical_catalog_only	0x3FAD8,0x3FEA8		framework_assignment	pending_assignment
Z_DAT	0x46C84	sub_46C84	game_or_library_unclassified	unresolved	unreviewed	mechanical_catalog_only	0x46CB4,0x46E3A	0x46C84	framework_assignment	pending_assignment
Z_DAT	0x46CB4	sub_46CB4	game_or_library_unclassified	unresolved	unreviewed	mechanical_catalog_only	0x46CE7	0x46C84,0x46CB4	framework_assignment	pending_assignment
Z_DAT	0x46CE7	sub_46CE7	game_or_library_unclassified	unresolved	unreviewed	mechanical_catalog_only	0x47468	0x3FEA3,0x3FEA8,0x46CB4,0x46CE7	framework_assignment	pending_assignment
Z_DAT	0x46D4C	sub_46D4C	game_or_library_unclassified	unresolved	unreviewed	mechanical_catalog_only	0x45060	0x4075D,0x46D4C,0x47516	framework_assignment	pending_assignment
Z_DAT	0x46E3A	sub_46E3A	game_or_library_unclassified	unresolved	unreviewed	mechanical_catalog_only	0x45173	0x46C84,0x46E3A	framework_assignment	pending_assignment
Z_DAT	0x46E75	sub_46E75	game_or_library_unclassified	unresolved	unreviewed	mechanical_catalog_only	0x3FEAD		framework_assignment	pending_assignment
Z_DAT	0x46EA1	sub_46EA1	game_or_library_unclassified	unresolved	unreviewed	mechanical_catalog_only	0x3FF9B		framework_assignment	pending_assignment
Z_DAT	0x47133	sub_47133	game_or_library_unclassified	unresolved	unreviewed	mechanical_catalog_only	0x40083	0x47133	framework_assignment	pending_assignment
Z_DAT	0x471E3	sub_471E3	game_or_library_unclassified	unresolved	unreviewed	mechanical_catalog_only	0x400FA	0x3FEA3,0x3FEA8,0x471E3	framework_assignment	pending_assignment
Z_DAT	0x472BD	sub_472BD	game_or_library_unclassified	unresolved	unreviewed	mechanical_catalog_only	0x401EE	0x472BD	framework_assignment	pending_assignment
Z_DAT	0x472FA	sub_472FA	game_or_library_unclassified	unresolved	unreviewed	mechanical_catalog_only	0x3DD57,0x3FDB9,0x3FEAD,0x3FF9B,0x40083,0x400FA,0x401EE,0x40253,0x40258,0x40597,0x40679,0x4075D,0x407CA,0x40975,0x40AF9,0x40B5E,0x40BBB,0x40C97,0x40D7B,0x40DE0,0x40EBC,0x41005,0x41232,0x41383,0x413F8,0x4146D,0x4159C,0x41601,0x4166E,0x417B5,0x4278C,0x42868,0x429B1,0x42AF2,0x42BDE,0x42C43,0x42D0D,0x42DE7,0x42E5C,0x42EC9,0x43239,0x43C34,0x443BF,0x4449B,0x44508		framework_assignment	pending_assignment
Z_DAT	0x47306	sub_47306	game_or_library_unclassified	unresolved	unreviewed	mechanical_catalog_only	0x3FB7E,0x40597	0x3FEA3,0x3FEA8,0x47306	framework_assignment	pending_assignment
Z_DAT	0x4734D	sub_4734D	game_or_library_unclassified	unresolved	unreviewed	mechanical_catalog_only	0x40679	0x3FEA3,0x3FEA8,0x4734D	framework_assignment	pending_assignment
Z_DAT	0x47375	sub_47375	game_or_library_unclassified	unresolved	unreviewed	mechanical_catalog_only	0x40AF9	0x3FEA3,0x3FEA8,0x47375	framework_assignment	pending_assignment
Z_DAT	0x4739C	sub_4739C	game_or_library_unclassified	unresolved	unreviewed	mechanical_catalog_only	0x40B5E	0x3FEA3,0x3FEA8,0x40AF9,0x4739C	framework_assignment	pending_assignment
Z_DAT	0x473C0	sub_473C0	game_or_library_unclassified	unresolved	unreviewed	mechanical_catalog_only	0x3FB7E,0x40975	0x3FEA3,0x3FEA8,0x473C0	framework_assignment	pending_assignment
Z_DAT	0x47468	sub_47468	game_or_library_unclassified	unresolved	unreviewed	mechanical_catalog_only	0x4075D	0x3FEA3,0x3FEA8,0x46CE7	framework_assignment	pending_assignment
Z_DAT	0x47498	sub_47498	game_or_library_unclassified	unresolved	unreviewed	mechanical_catalog_only	0x3FB7E,0x407CA	0x3FEA3,0x3FEA8,0x4075D	framework_assignment	pending_assignment
Z_DAT	0x47516	sub_47516	game_or_library_unclassified	unresolved	unreviewed	mechanical_catalog_only	0x46D4C	0x3E4C6	framework_assignment	pending_assignment
Z_DAT	0x4753B	sub_4753B	game_or_library_unclassified	unresolved	unreviewed	mechanical_catalog_only	0x3DD57,0x3FAD8,0x3FB7E,0x3FDB9,0x3FEAD,0x3FF9B,0x40083,0x400FA,0x401EE,0x40258,0x40597,0x40679,0x4075D,0x407CA,0x40975,0x40AF9,0x40B5E,0x40BBB,0x40C97,0x40D7B,0x40DE0,0x40EBC,0x41005,0x41232,0x41383,0x413F8,0x4146D,0x4159C,0x41601,0x4166E,0x417B5,0x4278C,0x42868,0x429B1,0x42AF2,0x42BDE,0x42C43,0x42D0D,0x42DE7,0x42E5C,0x42EC9,0x43239,0x43C34,0x443BF,0x4449B,0x44508	0x467BC	framework_assignment	pending_assignment
Z_DAT	0x47560	sub_47560	game_or_library_unclassified	unresolved	unreviewed	mechanical_catalog_only	0x3FB7E,0x44FE7,0x4B584,0x4EAEE	0x47560,0x4D9B3	framework_assignment	pending_assignment
Z_DAT	0x475C2	sub_475C2	game_or_library_unclassified	unresolved	unreviewed	mechanical_catalog_only	0x47788	0x46891,0x475C2,0x4E512	framework_assignment	pending_assignment
Z_DAT	0x47691	sub_47691	game_or_library_unclassified	unresolved	unreviewed	mechanical_catalog_only	0x47788	0x3EFDB,0x47691,0x4E512,0x4E5C7,0x4E663,0x4E7B6	framework_assignment	pending_assignment
Z_DAT	0x47788	sub_47788	game_or_library_unclassified	unresolved	unreviewed	mechanical_catalog_only	0x477D1	0x475C2,0x47691,0x47788,0x4E524	framework_assignment	pending_assignment
Z_DAT	0x477D1	sub_477D1	game_or_library_unclassified	unresolved	unreviewed	mechanical_catalog_only	0x3FB7E,0x44A44	0x47788	framework_assignment	pending_assignment
Z_DAT	0x478A0	sub_478A0	game_or_library_unclassified	unresolved	unreviewed	mechanical_catalog_only	0x3FB7E	0x478A0,0x4E7E9	framework_assignment	pending_assignment
Z_DAT	0x478CD	sub_478CD	game_or_library_unclassified	unresolved	unreviewed	mechanical_catalog_only	0x3FB7E	0x478CD,0x4E86B,0x4E92C	framework_assignment	pending_assignment
Z_DAT	0x47904	sub_47904	game_or_library_unclassified	unresolved	unreviewed	mechanical_catalog_only	0x4795A	0x47904,0x4EAEE,0x4EE89,0x4F171	framework_assignment	pending_assignment
Z_DAT	0x4795A	sub_4795A	game_or_library_unclassified	unresolved	unreviewed	mechanical_catalog_only	0x3FB7E	0x47904	framework_assignment	pending_assignment
Z_DAT	0x4796D	sub_4796D	game_or_library_unclassified	unresolved	unreviewed	mechanical_catalog_only	0x479A7		framework_assignment	pending_assignment
Z_DAT	0x479A7	sub_479A7	game_or_library_unclassified	unresolved	unreviewed	mechanical_catalog_only	0x47A99	0x4796D,0x479A7	framework_assignment	pending_assignment
Z_DAT	0x47A99	sub_47A99	game_or_library_unclassified	unresolved	unreviewed	mechanical_catalog_only	0x3FB7E	0x479A7	framework_assignment	pending_assignment
Z_DAT	0x47AEC	sub_47AEC	game_or_library_unclassified	unresolved	unreviewed	mechanical_catalog_only	0x3FB7E,0x44A44,0x44D38	0x47AEC	framework_assignment	pending_assignment
Z_DAT	0x47B11	sub_47B11	game_or_library_unclassified	unresolved	unreviewed	mechanical_catalog_only	0x3DD57,0x44A44	0x47B11,0x47B3E	framework_assignment	pending_assignment
Z_DAT	0x47B3E	sub_47B3E	game_or_library_unclassified	unresolved	unreviewed	mechanical_catalog_only	0x47B11	0x47BE9,0x4E5C7	framework_assignment	pending_assignment
Z_DAT	0x47B64	sub_47B64	game_or_library_unclassified	unresolved	unreviewed	mechanical_catalog_only	0x47B74	0x47B64	framework_assignment	pending_assignment
Z_DAT	0x47B74	sub_47B74	game_or_library_unclassified	unresolved	unreviewed	mechanical_catalog_only	0x47BE9	0x47B64,0x47B74,0x4F47F	framework_assignment	pending_assignment
Z_DAT	0x47BE9	sub_47BE9	game_or_library_unclassified	unresolved	unreviewed	mechanical_catalog_only	0x47B3E	0x3F728,0x45229,0x46B03,0x47B74,0x47BE9,0x4E02C,0x4F485,0x4F4B9	framework_assignment	pending_assignment
Z_DAT	0x47C90	sub_47C90	game_or_library_unclassified	unresolved	unreviewed	mechanical_catalog_only	0x48814	0x3E4C6,0x3E55D,0x47C90,0x515C8	framework_assignment	pending_assignment
Z_DAT	0x47DB8	sub_47DB8	game_or_library_unclassified	unresolved	unreviewed	mechanical_catalog_only	0x48FC0,0x490BC,0x49120	0x47DB8	framework_assignment	pending_assignment
Z_DAT	0x48278	sub_48278	game_or_library_unclassified	unresolved	unreviewed	mechanical_catalog_only	0x48814	0x400FA,0x48278,0x51509,0x5159C	framework_assignment	pending_assignment
Z_DAT	0x48684	sub_48684	game_or_library_unclassified	unresolved	unreviewed	mechanical_catalog_only	0x48814	0x400FA,0x48684	framework_assignment	pending_assignment
Z_DAT	0x48814	sub_48814	game_or_library_unclassified	unresolved	unreviewed	mechanical_catalog_only	0x48DD4	0x3E3C2,0x3E3E7,0x3E40C,0x3E497,0x40083,0x400FA,0x40597,0x40679,0x407CA,0x40975,0x40BBB,0x453A0,0x47C90,0x48278,0x48684,0x48814,0x51509,0x5159C	framework_assignment	pending_assignment
Z_DAT	0x48DD4	sub_48DD4	game_or_library_unclassified	unresolved	unreviewed	mechanical_catalog_only	0x40EBC	0x3EB1E,0x3EB81,0x40C97,0x40D7B,0x45229,0x48814,0x48DD4	framework_assignment	pending_assignment
Z_DAT	0x48E94	sub_48E94	game_or_library_unclassified	unresolved	unreviewed	mechanical_catalog_only	0x40DE0	0x40258,0x40EBC,0x48E94	framework_assignment	pending_assignment
Z_DAT	0x48F44	sub_48F44	game_or_library_unclassified	unresolved	unreviewed	mechanical_catalog_only	0x41005	0x3FEA3,0x3FEA8,0x41232,0x48F44	framework_assignment	pending_assignment
Z_DAT	0x48FC0	sub_48FC0	game_or_library_unclassified	unresolved	unreviewed	mechanical_catalog_only	0x41232	0x47DB8,0x48FC0	framework_assignment	pending_assignment
Z_DAT	0x49084	sub_49084	game_or_library_unclassified	unresolved	unreviewed	mechanical_catalog_only	0x417B5	0x49084	framework_assignment	pending_assignment
Z_DAT	0x49094	sub_49094	game_or_library_unclassified	unresolved	unreviewed	mechanical_catalog_only	0x41383	0x49094	framework_assignment	pending_assignment
Z_DAT	0x490BC	sub_490BC	game_or_library_unclassified	unresolved	unreviewed	mechanical_catalog_only	0x413F8	0x47DB8,0x490BC	framework_assignment	pending_assignment
Z_DAT	0x49100	sub_49100	game_or_library_unclassified	unresolved	unreviewed	mechanical_catalog_only	0x41601	0x49100	framework_assignment	pending_assignment
Z_DAT	0x49120	sub_49120	game_or_library_unclassified	unresolved	unreviewed	mechanical_catalog_only	0x4166E	0x47DB8,0x49120	framework_assignment	pending_assignment
Z_DAT	0x491C4	sub_491C4	game_or_library_unclassified	unresolved	unreviewed	mechanical_catalog_only	0x4146D	0x400FA,0x491C4	framework_assignment	pending_assignment
Z_DAT	0x492A8	sub_492A8	game_or_library_unclassified	unresolved	unreviewed	mechanical_catalog_only	0x4159C	0x492A8	framework_assignment	pending_assignment
Z_DAT	0x49BF0	sub_49BF0	game_or_library_unclassified	unresolved	unreviewed	mechanical_catalog_only	0x4B584	0x3E4C6,0x3E55D,0x49BF0	framework_assignment	pending_assignment
Z_DAT	0x49D94	sub_49D94	game_or_library_unclassified	unresolved	unreviewed	mechanical_catalog_only	0x4A478,0x4B584,0x4C264,0x4C8F4,0x4CA64	0x400FA,0x49D94	framework_assignment	pending_assignment
Z_DAT	0x49FD4	sub_49FD4	game_or_library_unclassified	unresolved	unreviewed	mechanical_catalog_only	0x4BEBC	0x49FD4,0x515F7	framework_assignment	pending_assignment
Z_DAT	0x4A2A8	sub_4A2A8	game_or_library_unclassified	unresolved	unreviewed	mechanical_catalog_only	0x4A478	0x4A2A8	framework_assignment	pending_assignment
Z_DAT	0x4A478	sub_4A478	game_or_library_unclassified	unresolved	unreviewed	mechanical_catalog_only	0x4A478,0x4A8C0,0x4A97C,0x4AA10,0x4AD34,0x4C8F4,0x4CA64	0x43C34,0x443BF,0x4449B,0x44508,0x49D94,0x4A2A8,0x4A478,0x4A97C	framework_assignment	pending_assignment
Z_DAT	0x4A8C0	sub_4A8C0	game_or_library_unclassified	unresolved	unreviewed	mechanical_catalog_only	0x4C264	0x400FA,0x401EE,0x40253,0x4A478,0x4A8C0	framework_assignment	pending_assignment
Z_DAT	0x4A97C	sub_4A97C	game_or_library_unclassified	unresolved	unreviewed	mechanical_catalog_only	0x4A478	0x400FA,0x4A478,0x4A97C	framework_assignment	pending_assignment
Z_DAT	0x4AA10	sub_4AA10	game_or_library_unclassified	unresolved	unreviewed	mechanical_catalog_only	0x4CA64	0x4A478,0x4AA10	framework_assignment	pending_assignment
Z_DAT	0x4AC6C	sub_4AC6C	game_or_library_unclassified	unresolved	unreviewed	mechanical_catalog_only	0x4BE2C,0x4BEBC,0x4C230	0x453A0,0x4AC6C	framework_assignment	pending_assignment
Z_DAT	0x4AD34	sub_4AD34	game_or_library_unclassified	unresolved	unreviewed	mechanical_catalog_only	0x4C400,0x4C4B0	0x4A478,0x4AD34	framework_assignment	pending_assignment
Z_DAT	0x4B458	sub_4B458	game_or_library_unclassified	unresolved	unreviewed	mechanical_catalog_only	0x4B584	0x400FA,0x4B458	framework_assignment	pending_assignment
Z_DAT	0x4B584	sub_4B584	game_or_library_unclassified	unresolved	unreviewed	mechanical_catalog_only	0x4BBBC	0x3E3C2,0x3E3E7,0x400FA,0x401EE,0x40597,0x40679,0x407CA,0x40975,0x40BBB,0x453A0,0x47560,0x49BF0,0x49D94,0x4B458,0x4B584,0x4DADC	framework_assignment	pending_assignment
Z_DAT	0x4BBBC	sub_4BBBC	game_or_library_unclassified	unresolved	unreviewed	mechanical_catalog_only	0x42868	0x3EB1E,0x3EB81,0x40C97,0x40D7B,0x45229,0x4B584,0x4BBBC	framework_assignment	pending_assignment
Z_DAT	0x4BC7C	sub_4BC7C	game_or_library_unclassified	unresolved	unreviewed	mechanical_catalog_only	0x4278C	0x40258,0x42868,0x4BC7C	framework_assignment	pending_assignment
Z_DAT	0x4BE2C	sub_4BE2C	game_or_library_unclassified	unresolved	unreviewed	mechanical_catalog_only	0x429B1	0x3FEA3,0x3FEA8,0x4AC6C,0x4BE2C	framework_assignment	pending_assignment
Z_DAT	0x4BEBC	sub_4BEBC	game_or_library_unclassified	unresolved	unreviewed	mechanical_catalog_only	0x42AF2	0x3EF4A,0x400FA,0x40253,0x49FD4,0x4AC6C,0x4BEBC,0x4DA8A,0x515F7	framework_assignment	pending_assignment
Z_DAT	0x4C230	sub_4C230	game_or_library_unclassified	unresolved	unreviewed	mechanical_catalog_only	0x42BDE	0x42C43,0x4AC6C,0x4C230	framework_assignment	pending_assignment
Z_DAT	0x4C264	sub_4C264	game_or_library_unclassified	unresolved	unreviewed	mechanical_catalog_only	0x42C43	0x4449B,0x49D94,0x4A8C0,0x4C264	framework_assignment	pending_assignment
Z_DAT	0x4C368	sub_4C368	game_or_library_unclassified	unresolved	unreviewed	mechanical_catalog_only	0x42D0D	0x42C43,0x4C368	framework_assignment	pending_assignment
Z_DAT	0x4C38C	sub_4C38C	game_or_library_unclassified	unresolved	unreviewed	mechanical_catalog_only	0x42E5C	0x4C38C	framework_assignment	pending_assignment
Z_DAT	0x4C400	sub_4C400	game_or_library_unclassified	unresolved	unreviewed	mechanical_catalog_only	0x42DE7	0x4AD34,0x4C400	framework_assignment	pending_assignment
Z_DAT	0x4C46C	sub_4C46C	game_or_library_unclassified	unresolved	unreviewed	mechanical_catalog_only	0x42EC9	0x4C46C	framework_assignment	pending_assignment
Z_DAT	0x4C4B0	sub_4C4B0	game_or_library_unclassified	unresolved	unreviewed	mechanical_catalog_only	0x43239	0x4AD34,0x4C4B0	framework_assignment	pending_assignment
Z_DAT	0x4C790	sub_4C790	game_or_library_unclassified	unresolved	unreviewed	mechanical_catalog_only	0x43C34	0x4C790	framework_assignment	pending_assignment
Z_DAT	0x4C8F4	sub_4C8F4	game_or_library_unclassified	unresolved	unreviewed	mechanical_catalog_only	0x443BF	0x49D94,0x4A478,0x4C8F4	framework_assignment	pending_assignment
Z_DAT	0x4CA64	sub_4CA64	game_or_library_unclassified	unresolved	unreviewed	mechanical_catalog_only	0x4449B	0x49D94,0x4A478,0x4AA10,0x4CA64	framework_assignment	pending_assignment
Z_DAT	0x4CB74	sub_4CB74	game_or_library_unclassified	unresolved	unreviewed	mechanical_catalog_only	0x44508	0x4CB74	framework_assignment	pending_assignment
Z_DAT	0x4D987	sub_4D987	game_or_library_unclassified	unresolved	unreviewed	mechanical_catalog_only	0x449A3,0x4677C	0x4D987	framework_assignment	pending_assignment
Z_DAT	0x4D9B3	sub_4D9B3	game_or_library_unclassified	unresolved	unreviewed	mechanical_catalog_only	0x44A44,0x44D38,0x47560	0x4D9B3	framework_assignment	pending_assignment
Z_DAT	0x4DA0E	sub_4DA0E	game_or_library_unclassified	unresolved	unreviewed	mechanical_catalog_only	0x44A44	0x4DA0E,0x5168C	framework_assignment	pending_assignment
Z_DAT	0x4DA8A	sub_4DA8A	game_or_library_unclassified	unresolved	unreviewed	mechanical_catalog_only	0x44D38,0x4BEBC	0x4DA8A	framework_assignment	pending_assignment
Z_DAT	0x4DADC	sub_4DADC	game_or_library_unclassified	unresolved	unreviewed	mechanical_catalog_only	0x44FE7,0x4B584	0x4DADC	framework_assignment	pending_assignment
Z_DAT	0x4DB3B	sub_4DB3B	game_or_library_unclassified	unresolved	unreviewed	mechanical_catalog_only	0x45224	0x4DB3B	framework_assignment	pending_assignment
Z_DAT	0x4DB75	sub_4DB75	game_or_library_unclassified	unresolved	unreviewed	mechanical_catalog_only	0x453CF	0x4DB75	framework_assignment	pending_assignment
Z_DAT	0x4DC7A	sub_4DC7A	game_or_library_unclassified	unresolved	unreviewed	mechanical_catalog_only	0x459E3	0x4DC7A,0x4E10E	framework_assignment	pending_assignment
Z_DAT	0x4DD69	sub_4DD69	game_or_library_unclassified	unresolved	unreviewed	mechanical_catalog_only	0x4DDD5	0x4DD69	framework_assignment	pending_assignment
Z_DAT	0x4DDD5	sub_4DDD5	game_or_library_unclassified	unresolved	unreviewed	mechanical_catalog_only	0x460D4,0x46133,0x4624B	0x4DD69,0x4DDD5	framework_assignment	pending_assignment
Z_DAT	0x4DE0A	sub_4DE0A	game_or_library_unclassified	unresolved	unreviewed	mechanical_catalog_only	0x46230	0x453CF	framework_assignment	pending_assignment
Z_DAT	0x4DE3F	sub_4DE3F	game_or_library_unclassified	unresolved	unreviewed	mechanical_catalog_only	0x4624B,0x4DE8F	0x4DE3F	framework_assignment	pending_assignment
Z_DAT	0x4DE8F	sub_4DE8F	game_or_library_unclassified	unresolved	unreviewed	mechanical_catalog_only	0x4624B	0x4DE3F,0x4DE8F	framework_assignment	pending_assignment
Z_DAT	0x4DFAC	sub_4DFAC	game_or_library_unclassified	unresolved	unreviewed	mechanical_catalog_only	0x467BC,0x4E7E9,0x51746	0x3ED5B,0x4DFAC,0x4E7B6	framework_assignment	pending_assignment
Z_DAT	0x4E02C	sub_4E02C	game_or_library_unclassified	unresolved	unreviewed	mechanical_catalog_only	0x467BC,0x47BE9,0x4E663,0x51A8C	0x3F728,0x46891,0x4E02C,0x518F0	framework_assignment	pending_assignment
Z_DAT	0x4E10E	sub_4E10E	game_or_library_unclassified	unresolved	unreviewed	mechanical_catalog_only	0x46891,0x4DC7A		framework_assignment	pending_assignment
Z_DAT	0x4E114	sub_4E114	game_or_library_unclassified	unresolved	unreviewed	mechanical_catalog_only	0x4689D		framework_assignment	pending_assignment
Z_DAT	0x4E11A	sub_4E11A	game_or_library_unclassified	unresolved	unreviewed	mechanical_catalog_only	0x469C2		framework_assignment	pending_assignment
Z_DAT	0x4E126	sub_4E126	game_or_library_unclassified	unresolved	unreviewed	mechanical_catalog_only	0x46AE0	0x4E15E	framework_assignment	pending_assignment
Z_DAT	0x4E15E	sub_4E15E	game_or_library_unclassified	unresolved	unreviewed	mechanical_catalog_only	0x4E126		framework_assignment	pending_assignment
Z_DAT	0x4E512	sub_4E512	game_or_library_unclassified	unresolved	unreviewed	mechanical_catalog_only	0x475C2,0x47691	0x4E512	framework_assignment	pending_assignment
Z_DAT	0x4E524	sub_4E524	game_or_library_unclassified	unresolved	unreviewed	mechanical_catalog_only	0x47788	0x3ED5B,0x453A0,0x46891,0x4E524	framework_assignment	pending_assignment
Z_DAT	0x4E5C7	sub_4E5C7	game_or_library_unclassified	unresolved	unreviewed	mechanical_catalog_only	0x47691,0x47B3E	0x4E5C7	framework_assignment	pending_assignment
Z_DAT	0x4E61C	sub_4E61C	game_or_library_unclassified	unresolved	unreviewed	mechanical_catalog_only	0x4E663	0x4E61C	framework_assignment	pending_assignment
Z_DAT	0x4E663	sub_4E663	game_or_library_unclassified	unresolved	unreviewed	mechanical_catalog_only	0x47691	0x3F728,0x46891,0x4E02C,0x4E61C,0x4E663,0x51A4B	framework_assignment	pending_assignment
Z_DAT	0x4E7B6	sub_4E7B6	game_or_library_unclassified	unresolved	unreviewed	mechanical_catalog_only	0x47691,0x4DFAC,0x4E7E9	0x4684D,0x4E7B6	framework_assignment	pending_assignment
Z_DAT	0x4E7E9	sub_4E7E9	game_or_library_unclassified	unresolved	unreviewed	mechanical_catalog_only	0x478A0	0x4DFAC,0x4E7B6,0x4E7E9	framework_assignment	pending_assignment
Z_DAT	0x4E86B	sub_4E86B	game_or_library_unclassified	unresolved	unreviewed	mechanical_catalog_only	0x478CD	0x4E86B	framework_assignment	pending_assignment
Z_DAT	0x4E92C	sub_4E92C	game_or_library_unclassified	unresolved	unreviewed	mechanical_catalog_only	0x478CD,0x4F038	0x4E92C,0x4EAEE,0x4EE89,0x4EFFF,0x4F171	framework_assignment	pending_assignment
Z_DAT	0x4EAEE	sub_4EAEE	game_or_library_unclassified	unresolved	unreviewed	mechanical_catalog_only	0x47904,0x4E92C	0x47560,0x4EAEE,0x4ED7B	framework_assignment	pending_assignment
Z_DAT	0x4EB09	sub_4EB09	game_or_library_unclassified	unresolved	unreviewed	mechanical_catalog_only	0x4EB33,0x4EC5F	0x4EB09	framework_assignment	pending_assignment
Z_DAT	0x4EB33	sub_4EB33	game_or_library_unclassified	unresolved	unreviewed	mechanical_catalog_only	0x4ED7B	0x4EB09,0x4EB33	framework_assignment	pending_assignment
Z_DAT	0x4EC5F	sub_4EC5F	game_or_library_unclassified	unresolved	unreviewed	mechanical_catalog_only	0x4ED7B	0x4EB09,0x4EC5F	framework_assignment	pending_assignment
Z_DAT	0x4ED7B	sub_4ED7B	game_or_library_unclassified	unresolved	unreviewed	mechanical_catalog_only	0x4EAEE	0x4EB33,0x4EC5F,0x4ED7B	framework_assignment	pending_assignment
Z_DAT	0x4EE89	sub_4EE89	game_or_library_unclassified	unresolved	unreviewed	mechanical_catalog_only	0x47904,0x4E92C	0x4EE89,0x4EFFF	framework_assignment	pending_assignment
Z_DAT	0x4EFFF	sub_4EFFF	game_or_library_unclassified	unresolved	unreviewed	mechanical_catalog_only	0x4E92C,0x4EE89,0x4F038,0x4F171	0x4EFFF	framework_assignment	pending_assignment
Z_DAT	0x4F038	sub_4F038	game_or_library_unclassified	unresolved	unreviewed	mechanical_catalog_only	0x4F129	0x4E92C,0x4EFFF,0x4F038	framework_assignment	pending_assignment
Z_DAT	0x4F129	sub_4F129	game_or_library_unclassified	unresolved	unreviewed	mechanical_catalog_only	0x4F171	0x4F038,0x4F129	framework_assignment	pending_assignment
Z_DAT	0x4F171	sub_4F171	game_or_library_unclassified	unresolved	unreviewed	mechanical_catalog_only	0x47904,0x4E92C	0x4EFFF,0x4F129,0x4F171,0x4F449	framework_assignment	pending_assignment
Z_DAT	0x4F449	sub_4F449	game_or_library_unclassified	unresolved	unreviewed	mechanical_catalog_only	0x4F171	0x4F449	framework_assignment	pending_assignment
Z_DAT	0x4F47F	sub_4F47F	game_or_library_unclassified	unresolved	unreviewed	mechanical_catalog_only	0x47B74		framework_assignment	pending_assignment
Z_DAT	0x4F485	sub_4F485	game_or_library_unclassified	unresolved	unreviewed	mechanical_catalog_only	0x47BE9	0x4F485,0x51A4B	framework_assignment	pending_assignment
Z_DAT	0x4F4B9	sub_4F4B9	game_or_library_unclassified	unresolved	unreviewed	mechanical_catalog_only	0x47BE9	0x51A5D	framework_assignment	pending_assignment
Z_DAT	0x4F8C8	sub_4F8C8	game_or_library_unclassified	unresolved	unreviewed	mechanical_catalog_only	0x4F8C8,0x51509	0x4F8C8	framework_assignment	pending_assignment
Z_DAT	0x50506	sub_50506	game_or_library_unclassified	unresolved	unreviewed	mechanical_catalog_only	0x50506,0x51443	0x50506	framework_assignment	pending_assignment
Z_DAT	0x50527	sub_50527	game_or_library_unclassified	unresolved	unreviewed	mechanical_catalog_only	0x50527,0x51443	0x50527	framework_assignment	pending_assignment
Z_DAT	0x51509	sub_51509	game_or_library_unclassified	unresolved	unreviewed	mechanical_catalog_only	0x48278,0x48814	0x4F8C8,0x51509	framework_assignment	pending_assignment
Z_DAT	0x5159C	sub_5159C	game_or_library_unclassified	unresolved	unreviewed	mechanical_catalog_only	0x48278,0x48814		framework_assignment	pending_assignment
Z_DAT	0x515C8	sub_515C8	game_or_library_unclassified	unresolved	unreviewed	mechanical_catalog_only	0x47C90	0x3E4C6	framework_assignment	pending_assignment
Z_DAT	0x515F7	sub_515F7	game_or_library_unclassified	unresolved	unreviewed	mechanical_catalog_only	0x49FD4,0x4BEBC	0x515F7	framework_assignment	pending_assignment
Z_DAT	0x5168C	sub_5168C	game_or_library_unclassified	unresolved	unreviewed	mechanical_catalog_only	0x4DA0E	0x46891,0x5168C,0x51717	framework_assignment	pending_assignment
Z_DAT	0x51717	sub_51717	game_or_library_unclassified	unresolved	unreviewed	mechanical_catalog_only	0x5168C	0x51717,0x51746	framework_assignment	pending_assignment
Z_DAT	0x51746	sub_51746	game_or_library_unclassified	unresolved	unreviewed	mechanical_catalog_only	0x51717	0x4DFAC,0x51746,0x51A8C,0x51AC3,0x51ADE	framework_assignment	pending_assignment
Z_DAT	0x518F0	sub_518F0	game_or_library_unclassified	unresolved	unreviewed	mechanical_catalog_only	0x4E02C	0x46891,0x468DB,0x46956,0x518F0	framework_assignment	pending_assignment
Z_DAT	0x51A4B	sub_51A4B	game_or_library_unclassified	unresolved	unreviewed	mechanical_catalog_only	0x4E663,0x4F485	0x3F728	framework_assignment	pending_assignment
Z_DAT	0x51A5D	sub_51A5D	game_or_library_unclassified	unresolved	unreviewed	mechanical_catalog_only	0x4F4B9	0x468DB,0x51A5D	framework_assignment	pending_assignment
Z_DAT	0x51A8C	sub_51A8C	game_or_library_unclassified	unresolved	unreviewed	mechanical_catalog_only	0x51746	0x4E02C,0x51A8C	framework_assignment	pending_assignment
Z_DAT	0x51AC3	sub_51AC3	game_or_library_unclassified	unresolved	unreviewed	mechanical_catalog_only	0x51746	0x51AC3	framework_assignment	pending_assignment
Z_DAT	0x51ADE	sub_51ADE	game_or_library_unclassified	unresolved	unreviewed	mechanical_catalog_only	0x51746	0x468DB,0x51ADE	framework_assignment	pending_assignment
