audit_order	address	name	research_name	function_end	size	closure_status	target_owner	implementation_mapping	evidence	verification	final_review	remaining
1	0x20D35	main	main	0x20FAA	629	platform_adapted	app	src/platform/sdl3/main.cpp:main;src/app/legacy_game_runtime.cpp:LegacyGameRuntime::handle_world_input/advance/advance_scene_effect/perform_pending_io/finish_presented_tick/render;src/input/legacy_keyboard.cpp:LegacyKeyboard::edge/consume_edge;src/world/world_map.cpp:WorldSession::idle_tick/periodic_tick/idle_animation_tick/cycle_palette;src/scene/scene.cpp:SceneSession::finish_tick_after_scene_present/cycle_palette	research/evidence/functions/Z_DAT/0x20D35.md	current Z.DAT entry-to-exit assembly-to-C++ review including scene-slot main clear/load branch; Linux app Debug 14/14 proc_c33b; original runtime oracle blocked	converged_no_new_differences
2	0x28E40	sub_28E40	scene_session	0x29391	1361	implemented_pending_review	scene	src/scene/scene.cpp:SceneSession::tick/finish_tick_after_action/finish_tick_after_auto_event/complete_scene_jump; src/app/legacy_game_runtime.cpp:advance/handle_scene_result; src/platform/sdl3/main.cpp:scene music request dispatch	research/evidence/functions/Z_DAT/0x28E40.md	Linux Debug BUILD script; independent entry/loop/transition/metadata vectors	not_started	complete final review; audit delegated input/menu/render/time/world caller boundaries
3	0x29391	sub_29391	scene_archives_open	0x294AD	284	implemented_pending_review	persistence	src/persistence/save_slot.cpp:load_snapshot; src/scene/scene.cpp:SceneSession	research/evidence/functions/Z_DAT/0x29391.md	Linux Debug BUILD script; 100 fixed archive entries and scene70 render hash	not_started	complete final review; audit delegated packed archive/error/session order
4	0x294AD	sub_294AD	scene_archive_swap_open	0x29537	138	implemented_pending_review	model	model::GameSnapshot::scene_value; SceneSession::scene_value	research/evidence/functions/Z_DAT/0x294AD.md	framework occurrence scan; direct all-scene snapshot ownership	not_started	complete final review; current KDEF has no external opcode38 occurrence
5	0x29537	sub_29537	scene_archive_swap_close	0x295D0	153	implemented_pending_review	model	model::GameSnapshot::set_scene_value; SceneSession::set_scene_value	research/evidence/functions/Z_DAT/0x29537.md	script434 full-map replacement plus snapshot fixed-span oracle	not_started	complete final review; current KDEF has no external opcode38 occurrence
6	0x295D0	sub_295D0	scene_backup_archives_open	0x296E6	278	implemented_pending_review	model	model::GameSnapshot scene spans; persistence::write_snapshot	research/evidence/functions/Z_DAT/0x295D0.md	script436 external event write; persistence byte round-trip	not_started	complete final review; audit delegated write/error boundaries
7	0x296E6	sub_296E6	scene_session_initialize	0x29819	307	platform_adapted	scene	src/scene/scene.cpp:SceneSession::SceneSession/complete_scene_jump/update_view_origin/player_frame	research/evidence/functions/Z_DAT/0x296E6.md	current Z.DAT 18-block entry-to-exit one-way review; exact animation/idle resets, normal words14/15 versus jump words24/25, signed view clamp, X-major 64x64 event-cell count; real scene70 plus synthetic boundary oracle; original runtime oracle blocked	converged_no_new_differences
8	0x29819	sub_29819	scene_move_horizontal	0x299A1	392	platform_adapted	scene	src/scene/scene.cpp:SceneSession::move/apply_scripted_walk_step/target_is_walkable/update_view_origin/player_frame/commit_header	research/evidence/functions/Z_DAT/0x29819.md	current Z.DAT 26-block entry-to-exit one-way review; all six caller sites; building/signed-height/event/nine-earth-range guards; both x clamp endpoints; exact active/20-tick reset with 50-tick/step/delay preservation; Linux app Debug 14/14 proc_8545; original runtime oracle blocked	converged_no_new_differences
9	0x299A1	sub_299A1	scene_move_vertical	0x29B3C	411	platform_adapted	scene	src/scene/scene.cpp:SceneSession::move/apply_scripted_walk_step/target_is_walkable/update_view_origin/player_frame/commit_header	research/evidence/functions/Z_DAT/0x299A1.md	current Z.DAT 29-block entry-to-exit one-way review; all six caller sites; corrected negative-step up direction; script343 five picture/frame hashes plus blocked path; both y clamp endpoints; exact active/20-tick reset with 50-tick/step/delay preservation; Linux app Debug 14/14 proc_8545; original runtime oracle blocked	converged_no_new_differences
10	0x29B3C	sub_29B3C	scene_event_picture_advance	0x29C36	250	platform_adapted	scene	src/scene/scene.cpp:SceneSession::SceneSession/idle_tick/advance_event_pictures/complete_scene_jump	research/evidence/functions/Z_DAT/0x29B3C.md	current Z.DAT 17-block entry-to-exit one-way review; all five caller sites and exact counter ownership; X-major duplicate-cell side effects; reset/periodic/signed-delay vectors; 100-scene duplicate scan; Linux app Debug 14/14 proc_98d0; original runtime oracle blocked	converged_no_new_differences
11	0x29C36	sub_29C36	scene_trigger_probe	0x29D2D	247	platform_adapted	scene	src/scene/scene.cpp:SceneSession::interact/prepare_event/resume;src/app/legacy_game_runtime.cpp:LegacyGameRuntime::handle_scene_result	research/evidence/functions/Z_DAT/0x29C36.md	current Z.DAT 13-block entry-to-exit one-way review; both caller sites; four direction targets; corrected empty-target single tail present and event base-player frame; positive/nonpositive script present sequences; Linux app Debug 14/14 proc_7d28; original runtime oracle blocked	converged_no_new_differences
12	0x29D2D	sub_29D2D	scene_render	0x2A0D9	940	platform_adapted	scene	src/scene/scene.cpp:SceneSession::SceneSession/tick/render_map/draw_sprite/complete_scene_jump;src/render/legacy_effects.cpp:parse_legacy_shadow_mask/apply_legacy_shadow_mask;src/app/legacy_game_runtime.cpp:LegacyStartupResources/start_scene/begin_world_leave_event/render;src/battle/battle_session.cpp:BattleSession::render/render_party_selection	research/evidence/functions/Z_DAT/0x29D2D.md	current Z.DAT 34-block entry-to-exit restarted one-way review; all 32 direct callsites across 19 owners; corrected no-clear framebuffer preservation, word5 gate plus word7 sprite, fixed/shifted SHADOW masks, exact two-draw RNG timing, L-disable state and battle party-selection fresh-background redraw caller; 84-scene old-buffer scan; oracle SHA256 71aff8329ba5d283f0cf27dfc704cda66d4bd05aee8be79d4e7badc7fcb96cf4; Linux app Debug 14/14 proc_fa54; original runtime oracle blocked	converged_no_new_differences
13	0x2B288	sub_2B288	scene_item_event_target	0x2B308	128	platform_adapted	scene	src/scene/scene.cpp:SceneSession::use_menu_item/use_retained_menu_item/use_item/item_event_at;src/app/legacy_game_runtime.cpp:LegacyGameRuntime::handle_game_menu_result/begin_world_menu_item_event/handle_scene_result/advance_scene_effect;src/ui/game_menu.cpp:GameMenuController::handle_key	research/evidence/functions/Z_DAT/0x2B288.md	current Z.DAT 31-instruction entry-to-exit restarted one-way review; unique sub_2A86C caller and world/scene sub_2A0D9 paths; corrected world retained-scene item dispatch, inventory item-id conversion, unsigned direction switch and low16 coordinate wrap; oracle SHA256 193f9ced42c97c5766954027717030b8759319c124079173df7355f3df98c4de; Linux app Debug 14/14 proc_1b6e; original runtime oracle blocked	converged_no_new_differences
14	0x2B308	sub_2B308	scene_event_entry	0x2B3B4	172	platform_adapted	scene	src/scene/scene.cpp:SceneSession::item_event_at/use_item/use_retained_menu_item/prepare_event/resume;src/app/legacy_game_runtime.cpp:LegacyGameRuntime::begin_world_menu_item_event/handle_scene_result	research/evidence/functions/Z_DAT/0x2B308.md	current Z.DAT 41-instruction entry-to-exit restarted one-way review; corrected y*64+x six-layer linear aliases, hit-only base player frame, world-over-buffer scene present and same-context menu return; 409600 event cells and 12800 vertical aliases audited; no-event/script0/script825 runtime vectors; oracle SHA256 193f9ced42c97c5766954027717030b8759319c124079173df7355f3df98c4de; Linux app Debug 14/14 proc_1b6e; original runtime oracle blocked	converged_no_new_differences
15	0x2B3B4	sub_2B3B4	scene_auto_event_entry	0x2B483	207	platform_adapted	scene	src/scene/scene.cpp:SceneSession::run_auto_event/finish_tick_after_scene_present/finish_tick_after_auto_event/prepare_event/set_event_item_id;src/app/legacy_game_runtime.cpp:LegacyGameRuntime::start_scene/handle_menu_item_result/begin_world_menu_item_event/begin_world_leave_event	research/evidence/functions/Z_DAT/0x2B3B4.md	current Z.DAT 43-instruction entry-to-exit twice-restarted one-way review; all four sub_26B5E/sub_28E40 callsites and ignored return; corrected hit-only direction base frame plus persistent item context across all scene interpreters; 409600 scene cells and 54 positive event_3 scripts audited; oracle SHA256 6a46e7147a073856850143b0049160fdf7c180ceb7e6901442c0c01638e53eb3; Linux app Debug 14/14 proc_242d; original runtime oracle blocked	converged_no_new_differences
16	0x2C0BB	sub_2C0BB	scene_title_prompt	0x2C175	186	platform_adapted	scene	src/scene/scene.cpp:SceneSession::show_scene_title/render/draw_overlay/resume;src/app/legacy_game_runtime.cpp:LegacyGameRuntime::handle_key/render/handle_scene_result/advance_scene_effect	research/evidence/functions/Z_DAT/0x2C0BB.md	current Z.DAT 53-instruction entry-to-exit restarted one-way review; two physical sub_28E40 normal-entry/internal-jump callsites; corrected title overlay to preserve caller-rendered framebuffer and defer weather RNG until post-key bare-scene redraw; all 84 metadata title lengths and any-key/panel/text/present order audited; oracle SHA256 eac9b120e1560c3a9fe22d7a9cf1b5e7ee754a823f9d5cc377bd146af9fc492b; Linux app Debug 14/14 proc_244d; original runtime oracle blocked	converged_no_new_differences
17	0x2C319	sub_2C319	event_interpreter	0x2CC06	2285	platform_adapted	scene	src/scene/scene.cpp:SceneSession::begin_event/prepare_event/run_event/resume;src/app/legacy_game_runtime.cpp:LegacyGameRuntime::advance_scene_effect/begin_world_leave_event/handle_scene_result/handle_world_menu_event_result	research/evidence/functions/Z_DAT/0x2C319.md	current Z.DAT 524-instruction entry-to-exit one-way review; all five physical callers and ignored return; all 68 helper selections/parameter starts/fixed widths plus conditional and host continuation PC boundaries; 1018 KDEF records, 13315 instructions and 1396 valid conditional targets; opcode62 non-return and invalid-opcode stable no-progress adapter; oracle SHA256 40dcb7dbf4a768f23ca5bc59f2619228c3f01cbd0c01fb9adc7acc2782f31205; Linux app Debug 14/14 proc_ddec; original runtime oracle blocked	converged_no_new_differences
18	0x2CC21	sub_2CC21	event_helper_2CC21	0x2CEBF	670	platform_adapted	scene	include/openlegend/scene/scene.hpp:SceneSession::QueuedOutput/dialogue_base_framebuffer_;src/scene/scene.cpp:SceneSession::queue_dialogue/emit_queued/render/render_overlay/render_dialogue_overlay/draw_overlay;scene::paginate_dialogue;src/app/legacy_game_runtime.cpp:LegacyGameRuntime::handle_key/render	research/evidence/functions/Z_DAT/0x2CC21.md	current Z.DAT 184-instruction entry-to-exit one-way mapping reopened after order97 exposed packed-color omission; all 14 physical callsites across 5 owners; corrected first-page/repeated-render preservation, later-page single scene redraw and packed100 to shadow0/foreground100; all 2977 TALK page counts and 3561 opcode1 domains; real weather scene5 two-page pixel and RNG vectors; double oracle and formal SHA256 563beeb7efccc7be56a0ac418e1b5671c177274c20436dcb0192b914cc0f072d; Linux app Debug 14/14 proc_aa81; original runtime oracle blocked	converged_no_new_differences
19	0x2CEBF	sub_2CEBF	event_helper_2CEBF	0x2D1CD	782	platform_adapted	render	openlegend::ui::BasicUiRenderer::draw_box/update_panel_palette/blend_panel_pixel;openlegend::scene::SceneSession::blend_panel/draw_panel/draw_panel_border;openlegend::battle::BattleRenderer::blend_pixel	research/evidence/functions/Z_DAT/0x2CEBF.md	current Z.DAT entry-to-exit restart; raw sub_2050A and 9x64 weight table; exact style3/style4 formulas; independent menu oracle; Linux app Debug 14/14; original runtime oracle blocked	converged_no_new_differences
20	0x2D1CD	sub_2D1CD	event_helper_2D1CD	0x2D372	421	platform_adapted	scene	src/scene/scene.cpp:SceneSession::blend_panel_rectangle/blend_panel/draw_overlay	research/evidence/functions/Z_DAT/0x2D1CD.md	current Z.DAT 163-instruction entry-to-exit one-way review; both physical sub_2CC21 first/later-page callsites and ignored returns; strict signed dimension gate; all eleven rounded blend rectangles and source0/style4 RGB4 lookup mapping; fixed 60x62 four-position domain and 3660 blended pixels; no product difference; oracle SHA256 91e1318007c8fdb7e61d34abe4e1eb67f78a6dc623fd7c99a1704c59a00f93d1; Linux app Debug 14/14 proc_b19d; original runtime oracle blocked	converged_no_new_differences
21	0x2D372	sub_2D372	event_helper_2D372	0x2D501	399	platform_adapted	scene	src/scene/scene.cpp:SceneSession::draw_panel_border/draw_panel/draw_overlay;src/render/indexed_framebuffer.cpp:IndexedFramebuffer::fill_rectangle	research/evidence/functions/Z_DAT/0x2D372.md	current Z.DAT 153-instruction entry-to-exit one-way review; both physical sub_2CC21 first/later-page post-sprite callsites and ignored returns; strict signed dimension gate; all twelve rounded index255 border rectangles; fixed 60x62 four-position domain and 220 white pixels; no product difference; oracle SHA256 b245a6a42d54da0eb8957a4f70b613e0da896691d454a80719573b4c668683cf; Linux app Debug 14/14 proc_0da2; original runtime oracle blocked	converged_no_new_differences
22	0x2D501	sub_2D501	event_helper_2D501	0x2D590	143	platform_adapted	render	include/openlegend/render/indexed_framebuffer.hpp:IndexedFramebuffer::outline_rectangle;src/render/indexed_framebuffer.cpp:IndexedFramebuffer::fill_rectangle/outline_rectangle;src/battle/battle_session.cpp:BattleSession::render_player_item_selection	research/evidence/functions/Z_DAT/0x2D501.md	current Z.DAT 41-instruction entry-to-exit one-way review; both physical sub_2A186 normal/selected item-grid callsites and ignored returns; exact top/left/right/bottom fill order and color forwarding; all 15 fixed 40x40 positions, 160 writes and 156 unique perimeter pixels; corrected stale BasicUi 5x3 mapping claim while retaining owner closure; no primitive product difference; oracle SHA256 193b4e33f2a7737bf55a85715884acb82719e690d956b6d0a838e1c26082212f; Linux app Debug 14/14 proc_8377; original runtime oracle blocked	converged_no_new_differences
23	0x2D590	sub_2D590	event_helper_2D590	0x2D653	195	platform_adapted	render	src/scene/scene.cpp:SceneSession::portraits_/draw_portrait/draw_overlay;src/battle/battle_renderer.cpp:BattleRenderer::portraits_/draw_portrait/render_character_status/render_status_panel;src/resource/packed_archive.cpp:PackedArchive::entry;src/render/rle_sprite_renderer.cpp:draw_rle_sprite	research/evidence/functions/Z_DAT/0x2D590.md	current Z.DAT 49-instruction entry-to-exit one-way review; all five physical sub_22A59/sub_2CC21/sub_3C6D3 callsites and ignored returns; direct head-id archive indexing without legacy sprite division; exact seven legal caller anchors; all 115 HDGRP records and all 320 role head ids valid; 7568 runs and 226957 opaque pixels; all-entry all-anchor stream SHA256 92ec7ccffd3068c0c04831d6eaebec18e917892ddfcd27cdc2e5792150d2b0db; no product difference; oracle SHA256 522f0739c8061ac301083825d2398948cf4996e0be6bfde5a85f5f59ef06928f; Linux app Debug 14/14 proc_8c27; original runtime oracle blocked	converged_no_new_differences
24	0x2D653	sub_2D653	event_helper_2D653	0x2D678	37	platform_adapted	scene	include/openlegend/scene/scene.hpp:SceneSession::queue_scene_present;src/scene/scene.cpp:SceneSession::run_event/queue_scene_present/advance_scripted_walk_frame/advance_tournament_trial/render_map;src/app/legacy_game_runtime.cpp:LegacyGameRuntime::handle_scene_result/render/advance_scene_effect;src/platform/sdl3/sdl_runtime_platform.cpp:SdlRuntimePlatform::present	research/evidence/functions/Z_DAT/0x2D653.md	current Z.DAT 9-instruction entry-to-exit restarted one-way review; exact sub_3D6D1 tail-jump and sub_20039 16000-dword VGA copy; all 48 physical callsites across 19 physical owners; corrected notice restore including opcode53 shared jump into opcode52 callsite3002D, opcode30 final standing present and shop feedback boundaries; five-category no-duplicate callset, script343 standing frame and script825/828 status restore; oracle SHA256 5a30b618430004d5572ff17f1523e566afb6b4da9f460ed6eeeb3c365ec72a53; Linux app Debug 14/14 proc_2cc2; original runtime oracle blocked	converged_no_new_differences
25	0x2D678	sub_2D678	event_helper_2D678	0x2D841	457	platform_adapted	scene	include/openlegend/scene/scene.hpp:SceneSession::item_notice_base_framebuffer_;src/scene/scene.cpp:SceneSession::add_inventory/update_book_event_if_ready/queue_item_notice/render_item_notice_overlay/draw_overlay/advance_tournament_trial	research/evidence/functions/Z_DAT/0x2D678.md	current Z.DAT 134-instruction entry-to-exit restarted one-way review; raw/load byte SHA256 with all 18 DOS relocations; both physical sub_2C319/sub_302E0 callsites; all 325 opcode2 occurrences, 148 item ids and 200 NUL-terminated item names; corrected explicit word wrapping, Big5 item-name dynamic panel, caller framebuffer preservation and tournament book gate; full-inventory/duplicate/residual/count-zero presence vectors; all-legal notice hash stream; oracle SHA256 ededfe7b1f9cdfee98109be9112ce7ba9fc3a6a796be81454e554d9e106e3fbf; Linux app Debug 14/14 proc_1a40; static gate proc_0da9; original runtime oracle blocked	converged_no_new_differences
26	0x2D841	sub_2D841	event_helper_2D841	0x2DBF4	947	platform_adapted	scene	src/scene/scene.cpp:SceneSession::modify_event/close_shop_events;tests/unit/scene/scene_test.cpp:check_event_state_write_helpers/check_event_shop_helpers	research/evidence/functions/Z_DAT/0x2D841.md	current Z.DAT 224-instruction entry-to-exit restarted one-way review; loaded/raw function SHA256 with all 53 DOS relocations; all 65 physical callsites across 11 owners; corrected sub_312A6 shop close fields0..7; all 2320 opcode3 occurrences and complete argument-stream SHA256; 2009 current scenes, 311 external scenes, 461 current events; 30 paired-coordinate stream; synthetic current/-1/external-scene field and map vectors; oracle SHA256 9d47773dc4fe02407a802a64b00ccf9c3983b7edc5f45e260fd17d4e7e7a8065; Linux app Debug 14/14 proc_2869; static gate proc_c256; final framework/oracle idempotence/static gates proc_0984; original runtime oracle blocked	converged_no_new_differences
27	0x2DBF4	sub_2DBF4	event_helper_2DBF4	0x2DD45	337	platform_adapted	scene	src/scene/scene.cpp:SceneSession::run_event(case26);tests/unit/scene/scene_test.cpp:check_event_state_write_helpers	research/evidence/functions/Z_DAT/0x2DBF4.md	current Z.DAT 83-instruction entry-to-exit one-way review; loaded/raw function SHA256 with all 21 DOS relocations; unique sub_2C319 opcode26 callsite and PC+6 boundary; all 121 opcode26 occurrences and complete argument-stream SHA256; 115 current scenes and 6 explicit external scenes; exact scene/event frequencies and two delta patterns; synthetic current-event wrapping and external-scene isolation vectors; oracle SHA256 ee33a2024e75aaa9d90d37b4b62db4d9ec6b12c8ea01cb9c5169b37e12cab03f; Linux app Debug 14/14 proc_cccb; original runtime oracle blocked	converged_no_new_differences
28	0x2DD45	sub_2DD45	event_helper_2DD45	0x2DD77	50	platform_adapted	scene	src/app/legacy_game_runtime.cpp:LegacyGameRuntime::handle_menu_item_result;src/scene/scene.cpp:SceneSession::use_item/prepare_event/run_event(case4);tests/unit/scene/scene_test.cpp:check_event_dispatch_and_state	research/evidence/functions/Z_DAT/0x2DD45.md	current Z.DAT 11-instruction entry-to-exit one-way review; loaded/raw function SHA256 with all 3 DOS relocations; unique sub_2C319 opcode4 caller and exact PC+4+offset boundary; sub_2A86C selected physical inventory-slot producer; word_54B7A and adjacent-address whole-program xref audit; all 167 opcode4 occurrences and complete argument-stream SHA256; all PC0/true1/false0 with 60 item ids; all 40 ALLDEF event_2 references and complete reference-stream SHA256; synthetic item-id match/miss offset vector; oracle SHA256 9cc8cd0e52d551782140e0cb2d363bb651b955111b37ece2b378547467c66a7d; Linux app Debug 14/14 proc_96da; original runtime oracle blocked	converged_no_new_differences
29	0x2DD77	sub_2DD77	event_helper_2DD77	0x2DE03	140	platform_adapted	scene	src/scene/scene.cpp:SceneSession::run_event(case5)/draw_overlay/resume;src/app/legacy_game_runtime.cpp:LegacyGameRuntime::handle_key;tests/unit/scene/scene_test.cpp:check_event_load_menu	research/evidence/functions/Z_DAT/0x2DD77.md	current Z.DAT 36-instruction entry-to-exit one-way review; loaded/raw function SHA256 with all 9 raw+0x20000 relocated operands; unique sub_2C319 opcode5 caller and exact PC+3+offset boundary; fixed 23-byte question string, panel/text/color/present/wait-key call sequence; uppercase Y-only acceptance and all-other-key false branch; all 43 opcode5 occurrences and complete parameter-stream SHA256; scripts307/308 exceptional true0/false52 offsets; independent scene70 frame oracle and synthetic common/exceptional branch vectors; oracle SHA256 2e600c875ac13d04b56b9bc4c54c1f1a177411d8b67bd1cc0267fc16228db958; Linux app Debug 14/14 proc_3773; oracle idempotence proc_356f; static gate proc_0228; reverse framework proc_19fe; original runtime oracle blocked	converged_no_new_differences
30	0x2DE03	sub_2DE03	event_helper_2DE03	0x2DE2C	41	platform_adapted	scene	src/scene/scene.cpp:SceneSession::run_event(case6)/resume;src/app/legacy_game_runtime.cpp:LegacyGameRuntime::start_battle/finish_battle_if_ready;src/battle/battle_session.cpp:BattleSession::begin_post_battle_role;tests/unit/scene/scene_test.cpp:check_event_load_menu	research/evidence/functions/Z_DAT/0x2DE03.md	current Z.DAT 12-instruction entry-to-exit one-way review; loaded/raw 41-byte identity SHA256 eaa12eafb11dd75089bee3d4d81fbc331e646de5f19b50e4804fbcc144a4ffff; unique sub_2C319 opcode6 caller and exact PC+5+selected-offset boundary; sub_31C75 argument/final-return boundary and all 10 word_E6ED2 xrefs; raw result1 defeat/result2 victory with no third terminal write; all 145 opcode6 occurrences and complete parameter-stream SHA256; 106 battle ids all valid WAR range, get-exp only 0/1, 19 offset pairs including 8/5; synthetic common and both-nonzero victory/defeat vectors; oracle SHA256 7c1402a3222149de96630a1e5d39cba0e171fd3de368ea5b52f708f32c3b5062 and idempotence proc_fdc1; Linux app Debug 14/14 proc_ce8a; static gate proc_01b0; reverse framework proc_bbc7; original runtime oracle blocked	converged_no_new_differences
31	0x2DE39	sub_2DE39	event_helper_2DE39	0x2DE53	26	platform_adapted	scene	src/scene/scene.cpp:SceneSession::run_event(case8)/resume(scene_exit);src/app/legacy_game_runtime.cpp:LegacyGameRuntime::handle_scene_result;src/platform/sdl3/main.cpp:forced scene music dispatch;src/audio/legacy_audio.cpp:LegacyAudioController::play_music;tests/unit/scene/scene_test.cpp:check_scene_exit_music_override	research/evidence/functions/Z_DAT/0x2DE39.md	current Z.DAT 6-instruction entry-to-exit one-way review; loaded/raw function SHA256 with sole raw+0x20000 relocation; unique sub_2C319 opcode8 caller and ignored return/PC+2 boundary; all 4 word_D2952 xrefs proving entry reset, deferred exit consumption and post-play reset; sub_3E1B2 boundary and all 5 current-music xrefs proving forced versus metadata ownership; all 15 opcode8 calls and complete parameter-stream SHA256 with music3 only; script494 immediate-empty/deferred forced-music3 versus scene70 metadata19 and normal metadata non-force vectors; oracle SHA256 f0d8c6cf8fd430e8612cd731b0b4470cc43fd188989bde716d040033bbbe50f4 and idempotence proc_bd44; Linux app Debug 14/14 proc_42f1; static gate proc_8456; reverse framework proc_394d; original runtime oracle blocked	converged_no_new_differences
32	0x2DE7D	sub_2DE7D	event_helper_2DE7D	0x2DF0E	145	platform_adapted	scene	src/scene/scene.cpp:SceneSession::run_event(case9)/draw_overlay/resume(conditional_after_present);src/app/legacy_game_runtime.cpp:LegacyGameRuntime::handle_key;tests/unit/scene/scene_test.cpp:check_event_load_menu	research/evidence/functions/Z_DAT/0x2DE7D.md	current Z.DAT 37-instruction entry-to-exit one-way review; loaded/raw 145-byte SHA256 with all 9 raw+0x20000 relocated operands; unique sub_2C319 opcode9 caller and exact PC+3+selected-offset boundary; fixed 23-byte Big5 join question SHA256 and panel/text/color/question-present/wait-key/bare-scene-present call order; uppercase Y-only true branch and all-other-key false branch after mandatory redraw; complete exported short-callee bodies with independent UI/input closures preserved; all 81 opcode9 occurrences and complete parameter-stream SHA256 including four reversed offset layouts; independent scene70 frame and synthetic Y/non-Y post-key bare-present vectors; oracle SHA256 5b9f4b009e5cba99ad9476d066a2d1a9d172a006336e9f5a85fa558bb8f303ec and idempotence proc_1aa0; Linux app Debug 14/14 proc_0622; static gate proc_8030; reverse framework proc_4126; original runtime oracle blocked	converged_no_new_differences
33	0x2DF0E	sub_2DF0E	event_helper_2DF0E	0x2E078	362	platform_adapted	scene	include/openlegend/scene/scene.hpp:SceneSession::PendingContinuation/JoinRoleState/advance_join_role_items;src/scene/scene.cpp:SceneSession::run_event(case10)/advance_join_role_items;tests/unit/scene/scene_test.cpp:check_event_join_helper/check_event_basic_role_and_scene_helpers	research/evidence/functions/Z_DAT/0x2DF0E.md	current Z.DAT 91-instruction entry-to-exit one-way review; loaded/raw 362-byte SHA256 with all 21 raw+0x20000 relocated operands; unique sub_2C319 opcode10 caller and ignored return/PC+2 boundary; signed <=0 team slots1..5 and unconditional post-scan role processing; four carried slots with exact -1 sentinel and delegated add-inventory call; Big5 item-name notice geometry/present/wait-key/bare-scene-present sequence; per-slot post-present (-1,0) clear and final role words23/24/61/62 clear; zero item.user writes; all 80 opcode10 occurrences and complete parameter-stream SHA256; 26 valid role IDs and full baseline carried/equipment vectors; first-round ASCII notice/eager state clear/item-user write differences fixed before fresh entry review; script11 role0-slot/count0/original-notice/state-timing/item-user-preservation vectors; oracle SHA256 79551a99f932ad92c45087874e7c04ec282a89b69dc89ce428766d688ca31e1b and idempotence proc_11ff; Linux app Debug 14/14 proc_9f2d; static gate proc_1574; reverse framework proc_90e9; original runtime oracle blocked	converged_no_new_differences
34	0x2E078	sub_2E078	event_helper_2E078	0x2E155	221	platform_adapted	scene	src/scene/scene.cpp:SceneSession::run_event(case21/case59)/remove_team_role/clear_role_personal_items;tests/unit/scene/scene_test.cpp:check_event_state_side_effects/check_event_finale_party_cleanup	research/evidence/functions/Z_DAT/0x2E078.md	current Z.DAT 45-instruction entry-to-exit one-way review; loaded/raw 221-byte SHA256 with all 14 raw+0x20000 relocated operands; two physical callers sub_2C319 opcode21 and sub_30559 finale cleanup; opcode21 ignored return/PC+2 boundary; team slots1..5 first-match shift-left and slot5=-1 with missing-role cleanup; ordered role words23/24/61 item.user=-1 writes then final role values -1/-1/-1/0; sub_30559 index6 physical alias to inventory item0 followed by dynamically compressed team slots5..1 and signed-positive gate; all 35 opcode21 occurrences and complete parameter-stream SHA256; 26 valid role IDs and baseline personal-item domain; sole script932 opcode59 caller vector; script950 direct compression/user-unbind and script932 not-in-team role6 alias regressions; oracle SHA256 e840f6444b464fb8cab9c23a9aacc1cfe3533e3986d1d9af390ed1220034df92 and idempotence proc_f20d; Linux app Debug 14/14 proc_e4a9; static gate proc_9d28; reverse framework proc_e89d; original runtime oracle blocked	converged_no_new_differences
35	0x2E155	sub_2E155	event_helper_2E155	0x2E1E8	147	platform_adapted	scene	src/scene/scene.cpp:SceneSession::run_event(case11)/draw_overlay/resume;src/app/legacy_game_runtime.cpp:LegacyGameRuntime::handle_key;tests/unit/scene/scene_test.cpp:check_event_load_menu	research/evidence/functions/Z_DAT/0x2E155.md	current Z.DAT 37-instruction entry-to-exit one-way review; loaded/raw 147-byte SHA256 with all 10 raw+0x20000 relocated operands; unique sub_2C319 opcode11 caller and exact PC+3+selected-offset boundary; fixed 23-byte Big5 rest question SHA256 and panel/text/color/present/wait-key call order; uppercase Y-only true branch and all-other-key false branch without post-key redraw or extra present; all 7 opcode11 occurrences and complete parameter-stream SHA256 with uniform (1,0) offsets; independent scene70 frame and synthetic Y/non-Y immediate branch vectors; delegated text/present helper closures preserved; oracle SHA256 719f395a82f3c546e3ec13de598d5941b242e277c5e4ba60dff5b84c998e0034 and idempotence proc_81aa; Linux app Debug 14/14 proc_a140; static gate and global closure counts proc_b3dc; reverse framework proc_d341; original runtime oracle blocked	converged_no_new_differences
36	0x2E1E8	sub_2E1E8	event_helper_2E1E8	0x2E278	144	platform_adapted	scene	src/scene/scene.cpp:SceneSession::run_event(case12);tests/unit/scene/scene_test.cpp:check_event_load_menu/check_event_state_side_effects	research/evidence/functions/Z_DAT/0x2E1E8.md	current Z.DAT 35-instruction entry-to-exit one-way review; loaded/raw 144-byte SHA256 with all 10 raw+0x20000 relocated operands; unique sub_2C319 opcode12 caller with ignored zero return and PC+1 boundary; team slots1..5 first-signed-nonpositive sentinel and no-sentinel end6 branch; exact processed [slot0,party_end) prefix; signed hurt<33 and poison==0 gates; ordered hurt0/physical100/mp=max/hp=max writes; all 7 opcode12 occurrences and complete position-stream SHA256; real script931 hurt32/poison/hurt33/party-gap vectors and synthetic full-six no-sentinel vector; oracle SHA256 dc9c863db4635e8fb5fd0fa4db5430b1d91302da5bdf0f6124059a5f59d713ad and idempotence proc_31a4; Linux app Debug 14/14 proc_1f67; static gate and global closure counts proc_23bc; reverse framework proc_eedf; original runtime oracle blocked	converged_no_new_differences
37	0x2E278	sub_2E278	event_helper_2E278	0x2E28A	18	platform_adapted	render	src/scene/scene.cpp:SceneSession::run_event(case13)/resume/advance_tournament_trial;src/app/legacy_game_runtime.cpp:LegacyGameRuntime::handle_scene_result/handle_world_menu_event_result;tests/unit/scene/scene_test.cpp:check_event_load_menu/check_event_tournament_trial	research/evidence/functions/Z_DAT/0x2E278.md	current Z.DAT 5-instruction wrapper and all 4 physical callsites one-way reviewed; identical loaded/raw 18-byte SHA256 with no relocations; exact no-argument delegated sub_3CD17 call and zero return; opcode13 ignored return/PC+1 boundary; sub_302E0 interround/finale and sub_30480 battle-victory order before following dialogue; all 346 opcode13 occurrences and complete position-stream SHA256; synthetic 13->14 continuation and real script931 fade/rest order; tournament 15 battle-victory plus 4 interround plus 1 finale fade vectors; delegated palette-fade closure preserved; oracle SHA256 e2252a1718834e1f64a4a8254d9aa0adf8f96c096be136140bf41baf7a804693 and idempotence proc_9829; Linux app Debug 14/14 proc_234d; static gate and global closure counts proc_853e; reverse framework proc_0aa4; original runtime oracle blocked	converged_no_new_differences
38	0x2E28A	sub_2E28A	event_helper_2E28A	0x2E29C	18	platform_adapted	render	src/scene/scene.cpp:SceneSession::run_event(case14)/resume/advance_tournament_trial;src/app/legacy_game_runtime.cpp:LegacyGameRuntime::handle_scene_result/handle_world_menu_event_result/advance_scene_effect;tests/unit/scene/scene_test.cpp:check_event_load_menu/check_event_tournament_trial	research/evidence/functions/Z_DAT/0x2E28A.md	current Z.DAT 5-instruction wrapper and all 3 physical callsites one-way reviewed; identical loaded/raw 18-byte SHA256 with no relocations; exact no-argument delegated sub_3CC97 call and zero return; opcode14 ignored return/PC+1 boundary; sub_302E0 interround/finale order after dialogue present and before restore/event-disable continuation; all 171 opcode14 occurrences and complete position-stream SHA256; synthetic 13->14 continuation and real script931 fade/rest order; tournament 4 interround plus 1 finale fade vectors; legacy 300 counter mapped to 8 additional ticks only after final black frame via result wait_ticks9; delegated palette-fade closure preserved; oracle SHA256 6d0c629e6ab40d49614740412e29ea0c836c9ae9fa17b87d16a8d7ae227dfc77 and idempotence proc_871f; Linux app Debug 14/14 proc_9b68; static gate and global closure counts proc_71aa; reverse framework proc_fe9c; original runtime oracle blocked	converged_no_new_differences
39	0x2E29C	sub_2E29C	event_helper_2E29C	0x2E2D7	59	assembly_exact	scene	src/scene/scene.cpp:SceneSession::party_contains/run_event(case16);tests/unit/scene/scene_test.cpp:check_event_load_menu	research/evidence/functions/Z_DAT/0x2E29C.md	current Z.DAT 21-instruction entry-to-exit one-way review; loaded/raw 59-byte SHA256 with sole team-array raw+0x20000 relocation; unique sub_2C319 opcode16 caller; exact signed role/true-offset/false-offset arguments and PC+4+selected-signed-offset boundary; unconditional six-slot scan without nonpositive sentinel stop; match flag remains one and duplicate matches are idempotent; all 80 opcode16 occurrences and complete parameter-stream SHA256; 17 positive role IDs and complete true/false offset domains; synthetic slot1 gap plus slot5 match true path and six-slot miss false path; oracle SHA256 e49ad1b3c0fdc2cf18a1affb2b2f68301615fd8797e17f0b57579502609d7346 and idempotence proc_69d8; Linux app Debug 14/14 proc_6b83; static gate global closure counts and reverse framework proc_6ff8; original runtime oracle blocked	converged_no_new_differences
40	0x2E2D7	sub_2E2D7	event_helper_2E2D7	0x2E2F5	30	assembly_exact	scene	src/scene/scene.cpp:SceneSession::run_event(case20);tests/unit/scene/scene_test.cpp:check_event_presence_and_party_tail_conditions	research/evidence/functions/Z_DAT/0x2E2D7.md	current Z.DAT 8-instruction entry-to-exit one-way review; loaded/raw 30-byte SHA256 with sole slot5-address raw+0x20000 relocation; unique sub_2C319 opcode20 caller; exact signed true/false arguments and PC+3+selected-signed-offset boundary; sole signed slot5>0 test without scanning slots0..4; role0 and all negatives false; all 82 opcode20 occurrences and complete parameter-stream SHA256; complete true/false offset distributions; real script11 front-full tail-negative/front-full tail-zero false dialogue30 and interior-gap tail9 true dialogue175 vectors; corrected stale plan responsibility label; oracle SHA256 38a000cf2a59f1c99d6e636e29bfc32e0e6e826ca8902959097dc88a35d613c7 and idempotence proc_34c3; Linux app Debug 14/14 proc_ef57; static gate global closure counts and reverse framework proc_ddd8; original runtime oracle blocked	converged_no_new_differences
41	0x2E2F5	sub_2E2F5	event_helper_2E2F5	0x2E337	66	assembly_exact	scene	src/scene/scene.cpp:SceneSession::inventory_contains_id/run_event(case18);tests/unit/scene/scene_test.cpp:check_event_presence_and_party_tail_conditions	research/evidence/functions/Z_DAT/0x2E2F5.md	current Z.DAT 22-instruction entry-to-exit one-way review; loaded/raw 66-byte SHA256 with sole inventory-item-base raw+0x20000 relocation; unique sub_2C319 opcode18 caller; exact signed item/true-offset/false-offset arguments and PC+4+selected-signed-offset boundary; fixed 200-slot four-byte-stride item-ID-only scan with first-match exit; count never read and duplicate IDs irrelevant; both current opcode18 calls script37/38 and complete parameter-stream SHA256; real script37 slot0 count0 true/fully-missing false dialogue139/slot199 count-32768 true vectors; oracle SHA256 f5fc1d8c3d9f88fa231e7fde5d8d967f9d0d3bf72ed0dcc45ed49db61d038d5f and idempotence proc_4163; Linux app Debug 14/14 proc_f17f; static gate global closure counts and reverse framework proc_2925; original runtime oracle blocked	converged_no_new_differences
42	0x2E337	sub_2E337	event_helper_2E337	0x2E46B	308	platform_adapted	scene	src/scene/scene.cpp:SceneSession::set_scene_value/run_event(case17);src/model/game_snapshot.cpp:GameSnapshot::set_scene_value;tests/unit/scene/scene_test.cpp:check_event_field_and_scene_cell_updates/check_scene_event_interpreter	research/evidence/functions/Z_DAT/0x2E337.md	current Z.DAT 85-instruction entry-to-exit one-way review; loaded/raw 308-byte SHA256 with all 15 differing bytes normalized as absolute-address raw+0x20000 relocations; unique sub_2C319 opcode17 caller and exact signed scene/layer/x/y/value argument order with PC+6; scene -2 direct current-buffer word index 4096*layer+64*y+x; explicit scene legacy flush-current/load-target/write-persist/reload-current archive order; all 127 opcode17 occurrences and complete argument-stream SHA256; exact scene/layer distributions and legal x/y/value ranges; real script274 adjacent current-scene writes before present; synthetic active70 external69 write preserving active70 cell and session identity; modern 100-scene resident snapshot preserves legal observable state while invalid-range guards replace undefined access; delegated scene archive open/swap and file I/O closures preserved; oracle SHA256 19b8d15579fe8de07a561563b8466926f306b64357e04c7dbd716dd54fd4fab8 and idempotence proc_11d8; Linux app Debug 14/14 proc_0aee; static gate global closure counts and reverse framework proc_f3a5; original runtime oracle blocked	converged_no_new_differences
43	0x2E46B	sub_2E46B	event_helper_2E46B	0x2E536	203	assembly_exact	scene	src/scene/scene.cpp:SceneSession::run_event(case19)/update_view_origin/commit_header;tests/unit/scene/scene_test.cpp:check_event_state_write_helpers/check_event_load_menu	research/evidence/functions/Z_DAT/0x2E46B.md	current Z.DAT 38-instruction entry-to-exit one-way review; loaded/raw 203-byte SHA256 with all 19 differing bytes normalized as four scene-state absolute-address raw+0x20000 relocations; unique sub_2C319 opcode19 caller and exact signed x/y argument order with PC+3; signed position clamps 0..63 then view origins clamp position-11 to 0..36; no draw/present or business callee; all 15 opcode19 occurrences and complete parameter-stream SHA256; complete derived position/view rows and current input ranges; real script235 position14,14/view3,3 before opcode40 direction3/player-frame5044; synthetic signed extrema to both opposite position/view boundaries; modern unobservable intermediate assignment order but identical final four words for all signed inputs; oracle SHA256 818bede2e3ed85d023274f61166f9c517e7bc83344a53baf28f281130d4da6d4 and idempotence proc_9c56; Linux app Debug 14/14 proc_2c94; static gate global closure counts and reverse framework proc_553b; original runtime oracle blocked	converged_no_new_differences
44	0x2E536	sub_2E536	event_helper_2E536	0x2E571	59	platform_adapted	scene	src/scene/scene.cpp:SceneSession::run_event(case22);tests/unit/scene/scene_test.cpp:check_event_clear_party_mp	research/evidence/functions/Z_DAT/0x2E536.md	current Z.DAT 15-instruction entry-to-exit one-way review; loaded/raw 59-byte SHA256 with all 3 differing bytes normalized as team/role absolute-address raw+0x20000 relocations; unique sub_2C319 opcode22 caller with no arguments and PC+1; fixed six-slot scan where slot0 is unconditional and slots1..5 require signed role ID>0; no stop at nonpositive slot; only role mp word cleared to zero; unique current opcode22 at script20 PC10 and complete position-stream SHA256; real dialogue/animation/fade path with team role1,role0,gap,role2,gap,role0 proving slot0 clear/later role0 skip/post-gap role2 clear; corrected stale plan responsibility label from MP increase to MP clear; modern invalid-role range guard replaces undefined role-array access; oracle SHA256 058a92abf5bbe9bc3b629891e34b1b869f62b5718ada64790b27b93dad66d6b4 and idempotence proc_7b89; Linux app Debug 14/14 proc_e89a; static gate global closure counts and reverse framework proc_eba1; original runtime oracle blocked	converged_no_new_differences
45	0x2E571	sub_2E571	event_helper_2E571	0x2E5E6	117	assembly_exact	scene	src/scene/scene.cpp:SceneSession::add_inventory;tests/unit/scene/scene_test.cpp:check_event_inventory_condition_edge_cases/check_event_shop_helpers/check_event_join_helper	research/evidence/functions/Z_DAT/0x2E571.md	current Z.DAT 37-instruction entry-to-exit one-way review; loaded/raw 117-byte SHA256 with all 5 differing bytes normalized as inventory ID/count absolute-address raw+0x20000 relocations; exactly two callers sub_2DF0E join-role carried-item transfer and sub_312A6 successful shop purchase with complete caller-address stream SHA256; fixed first 200-slot scan updates every matching ID using int16 wrap and never short-circuits; only no-match path writes first ID=-1 slot and wraps from its residual count; full inventory no-match unchanged; target ID=-1 updates all empty-slot counts in first scan; incidental EAX result consumed by neither caller; all 67 current join carried-item parameters and complete stream SHA256; all 25 current shop item/stock/price rows and complete stream SHA256; duplicate slot1/slot199 shop purchase signed-boundary regression plus opcode2 residual/full vectors; oracle SHA256 fbe1e65aa9e044a13cf3823ff22176cadd52c568b1b1233b350ba77e4722a4b7 and idempotence proc_969a; Linux app Debug 14/14 proc_ee89; static gate global closure counts and reverse framework proc_7d12; original runtime oracle blocked	converged_no_new_differences
46	0x2E639	sub_2E639	event_helper_2E639	0x2E659	32	platform_adapted	scene	src/scene/scene.cpp:SceneSession::run_event(case23);tests/unit/scene/scene_test.cpp:check_event_basic_role_and_scene_helpers	research/evidence/functions/Z_DAT/0x2E639.md	current Z.DAT 7-instruction entry-to-exit one-way review; loaded/raw 32-byte SHA256 with sole role-use-poison absolute-address difference normalized as raw+0x20000 relocation; unique sub_2C319 opcode23 caller with exact signed value then role argument pushes, stack cleanup and PC+3; role index multiplied by 182 and value low word directly overwrites role word47 use_poison; no old-value read, add, clamp or adjacent-field writes; full KDEF unique script28 PC65 role4 value99 occurrence and complete parameter-stream SHA256; real script overwrites use_poison -32768 to99 while medicine77/detoxification88 stay unchanged then reaches battle; modern invalid-role range guard replaces undefined role-array write; oracle SHA256 da1d1f35d6c504f6081765b12ebf687e290860a8830dfb78851ea703c8475cdf and idempotence proc_9b08; Linux app Debug 14/14 proc_a603; static gate global closure counts and reverse framework proc_cba9; original runtime oracle blocked	converged_no_new_differences
47	0x2E659	sub_2E659	event_helper_2E659	0x2EB49	1264	platform_adapted	scene	src/scene/scene.cpp:SceneSession::start_death_menu/advance_death_menu/render_death_menu;src/app/legacy_game_runtime.cpp:LegacyGameRuntime::handle_scene_result/perform_pending_io	research/evidence/functions/Z_DAT/0x2E659.md	current Z.DAT full 1264-byte physical range one-way review including 330 IDA instructions and 8 unreachable post-exit bytes; loaded/raw SHA256 with all 79 differing bytes normalized as 79 absolute-address raw+0x20000 relocations; exactly two physical callers opcode15 dispatch and tournament defeat with ignored argument83; corrected stale KDEF claim to 114 opcode15 occurrences all argument83 and complete position-stream SHA256; exact DEAD.BIG/font/palette/role0-name/date/text/panel geometry/color blend and selection0..3/confirm/black framebuffer hashes; Down/Up wrap plus Enter/Space/keypad Enter; load slots write zero-based request then clear/present/return; only uppercase Y exits and lowercase y/non-Y rebuild selection3; real script190 opcode15 caller and script936 tournament caller; slot2 load failure restores selection/frame; modern date/file/input/load/quit host boundaries replace DOS APIs/globals/direct exit; same-address input-font closure and delegated helper closures not propagated; oracle SHA256 7319439b2b7242f6bdec4ed1d21f8f0106684c04f0f7f6f82dbd2113a96e4e79 and double-generation byte identity proc_a7fa; Linux app Debug 14/14 proc_4ce9; original runtime oracle blocked	converged_no_new_differences
48	0x2EB49	sub_2EB49	event_helper_2EB49	0x2ED7D	564	platform_adapted	scene	src/scene/scene.cpp:SceneSession::start_load_menu/advance_load_menu/render_load_menu/resume;src/app/legacy_game_runtime.cpp:handle_scene_result/advance_scene_effect/perform_pending_io	research/evidence/functions/Z_DAT/0x2EB49.md	current Z.DAT restart confirming exact style4 panels; independent raw-string/frame oracle; synthetic opcode24 two-scene-fade/old-world/main-load routing; Linux app Debug 14/14; original runtime oracle blocked	converged_no_new_differences
49	0x2ED8D	sub_2ED8D	event_helper_2ED8D	0x2F053	710	platform_adapted	scene	src/scene/scene.cpp:SceneSession::run_event(case25)/advance_pan_frame;tests/unit/scene/scene_test.cpp:check_event_camera_pan/check_event_camera_pan_word_wrap	research/evidence/functions/Z_DAT/0x2ED8D.md	current Z.DAT 196-instruction full entry-to-exit one-way review; loaded/raw 710-byte SHA256 with all 33 differing bytes normalized as absolute-address raw+0x20000 relocations; external 16-byte four-target quadrant jump table with four raw+0x20000 relocations; unique sub_2C319 opcode25 caller forwards four signed words and advances PC5 after ignored return1; four direction cases all process x before y and exclude target; each frame stores coordinate-11 low word then signed-clamps 0..36, updates one view axis, renders, and waits parameter50=2 ticks; fixed prior C++ 32-bit direct-clamp divergence so -32768 wraps to32757 and clamps36; restarted complete review after fix with zero new differences; all 52 KDEF occurrences and complete parameter-stream SHA256, argument ranges17..54, total460 frames and max16; script30 seven frame hashes, script225 four-direction/clamp/axis-order boundary and synthetic two-axis int16 wrap; player coordinates unchanged; modern resumable present/tick boundary replaces synchronous DOS render/wait; same-address time and delegated render closure not propagated; oracle SHA256 f868c36d730fa52c7f49e2d7eacf7dcb2b437e4827669a5a90bb87ca4ed12031 and double-generation identity proc_6209; Linux app Debug 14/14 proc_9837; original runtime oracle blocked	converged_no_new_differences
50	0x2F053	sub_2F053	event_helper_2F053	0x2F107	180	platform_adapted	scene	src/scene/scene.cpp:SceneSession::run_event(case27)/advance_picture_animation_frame/set_animated_picture;tests/unit/scene/scene_test.cpp:check_event_picture_animation/check_event_picture_animation_boundaries	research/evidence/functions/Z_DAT/0x2F053.md	current Z.DAT 59-instruction full entry-to-shared-exit one-way review; loaded/raw 180-byte SHA256 with all 9 differing bytes normalized as absolute-address raw+0x20000 relocations; unique sub_2C319 opcode27 caller forwards three signed words and advances PC4 after ignored return1; exact event==-1 player-word branch and all-other-event sub_2D841 branch synchronizing current/end/begin picture fields; signed 32-bit start/end loop presents start then adds2 while <=end, stores only low word, renders and waits parameter50=2 ticks; all 43 KDEF occurrences and complete parameter-stream SHA256, 22 player and 21 event calls, total579 frames and max51; script535 four frame hashes, script20 ten player frames and synthetic event -2 alias plus 32767 single-frame, start>end zero-frame and odd-span boundary; no product correction required after complete review; modern resumable present/tick and invalid-event guard replace synchronous DOS calls/undefined access; same-address input-font and delegated event/render/time closures not propagated; oracle SHA256 23ade73a75cea46414fa831d50459e6fca92ff089aab0fb582142ddee7bc79ac and double-generation identity proc_d4f0; Linux app Debug 14/14 proc_44fb; original runtime oracle blocked	converged_no_new_differences
51	0x2F107	sub_2F107	event_helper_2F107	0x2F136	47	platform_adapted	scene	src/scene/scene.cpp:SceneSession::run_event(case28)/conditional;tests/unit/scene/scene_test.cpp:check_event_role_stat_conditions	research/evidence/functions/Z_DAT/0x2F107.md	current Z.DAT 12-instruction full entry-to-exit one-way review; loaded/raw 47-byte SHA256 with sole word901BC difference normalized as absolute-address raw+0x20000 relocation; unique sub_2C319 opcode28 caller sign-extends role/minimum/maximum/true/false offsets, cleans20 stack bytes, advances PC6 and adds returned offset through shared tail; role index multiplied by182 and signed role word56 morality compared as inclusive minimum<=value<=maximum; returns true offset only inside closed range and false otherwise; all 22 KDEF occurrences use role0 with complete parameter-stream SHA256, no inverted/equal ranges and recorded argument bounds; script636 fixes signed -32768/79/80/100/101/32767 outcomes and dialogue2383 path; no product correction required after complete review; modern invalid-role guard replaces undefined array read; oracle SHA256 58ad4ca5a057cec4c5163d0c3ea582bacef4c75f4407609b5581fabf6385df0f and double-generation identity proc_52fa; Linux app Debug 14/14 proc_ea17; original runtime oracle blocked	converged_no_new_differences
52	0x2F136	sub_2F136	event_helper_2F136	0x2F15F	41	platform_adapted	scene	src/scene/scene.cpp:SceneSession::run_event(case29)/conditional;tests/unit/scene/scene_test.cpp:check_event_three_statue_animation/check_event_attack_condition_boundaries	research/evidence/functions/Z_DAT/0x2F136.md	current Z.DAT 10-instruction full entry-to-exit one-way review; loaded/raw 41-byte SHA256 with sole word901A2 difference normalized as absolute-address raw+0x20000 relocation; unique sub_2C319 opcode29 caller sign-extends role/minimum/unused/true/false offsets then reuses opcode28 cleanup, PC+6 and shared returned-offset tail; role index multiplied by182 and signed role word43 attack compared only against inclusive minimum; third KDEF parameter stack arg8 is never read and is not an upper bound; all 5 KDEF occurrences use role0 with complete parameter-stream SHA256, minimum values0/40/75/80/90 and unused values100/1000; script655 attack2000 still enters 35-frame statue animation despite unused1000; synthetic script24 fixes signed -32768/89/90/1000/2000/32767 outcomes; no product correction required after complete review; modern invalid-role guard replaces undefined array read; oracle SHA256 f4d2e4d4abb8319f549bd0ac6279359a57d6f70c24508e6509dfd9b9d1d3ec6d and double-generation identity proc_c6ce; Linux app Debug 14/14 proc_1672; original runtime oracle blocked	converged_no_new_differences
53	0x2F171	sub_2F171	event_helper_2F171	0x2F34C	475	platform_adapted	scene	src/scene/scene.cpp:SceneSession::run_event(case30)/advance_scripted_walk_frame/apply_scripted_walk_step;tests/unit/scene/scene_test.cpp:check_event_scripted_walk/check_event_scripted_walk_boundaries	research/evidence/functions/Z_DAT/0x2F171.md	current Z.DAT 150-instruction full entry-to-shared-exit one-way review; loaded/raw 475-byte SHA256 with all 6 differing bytes normalized as absolute-address raw+0x20000 relocations; external 16-byte four-target quadrant jump table with four raw+0x20000 relocations; unique sub_2C319 opcode30 caller forwards four signed source/target words, ignores return, cleans16 stack bytes and advances PC5; four signed source-target quadrant cases always execute target-exclusive x loop before y loop, using KDEF source counters independent of live player coordinates; each iteration calls signed horizontal/vertical step, renders, and waits parameter100=3 ticks; collision does not stop the independent loop so blocked steps still consume walk offset/frame/present/ticks; completion unconditionally clears walk offset and 20-tick player counter, restores current-direction base picture and renders without legacy delay; fixed zero-distance C++ path that previously failed to clear the 20-tick player counter, then restarted complete entry review with zero new differences; all 7 KDEF occurrences and complete parameter-stream SHA256, total42 delayed frames and max8; scene39 script343 five frame hashes plus blocked counterexample; synthetic four quadrants, x-before-y, 8-step offset wrap, source/live-coordinate separation and zero-distance counter cleanup; delegated horizontal/vertical movement and render closures not propagated, same-address input-font time closure remains pending; oracle SHA256 5ca18a765fc627d17dd0ec3cbd18a7bead5f80e90a77b3e388925b9775387255; Linux app Debug 14/14 proc_7a49; original runtime oracle blocked	converged_no_new_differences
54	0x2F34C	sub_2F34C	event_helper_2F34C	0x2F39C	80	assembly_exact	scene	src/scene/scene.cpp:SceneSession::run_event(case31)/first_inventory_count/advance_event(shop);tests/unit/scene/scene_test.cpp:check_event_inventory_condition_edge_cases/check_event_shop_helpers	research/evidence/functions/Z_DAT/0x2F34C.md	current Z.DAT 25-instruction full entry-to-exit one-way review; loaded/raw 80-byte SHA256 with both differing bytes normalized as absolute-address raw+0x20000 relocations; exactly two code callers plus one address-table data reference; scans all 200 interleaved inventory ID/count pairs for hardcoded item174, sign-extends first matching count and short-circuits without summing duplicates; returns true offset only when found flag is set and signed first count>=required, so absence is false for every signed threshold; opcode31 caller sign-extends required/true/false, cleans12 stack bytes and applies PC+4+returned offset; shop caller passes signed price/1/0 and accepts only return1; fixed both C++ callers that previously folded absence to zero and therefore misaccepted absent item174 at nonpositive thresholds, then restarted complete entry review with zero new differences; all 8 KDEF occurrences and complete parameter-stream SHA256 with requirements10..200; current 25 shop rows have positive price whenever in stock; real script234 duplicate money first-slot false/true counterexample; synthetic absent required0/-32768, signed count boundaries and zero-price shop failure without stock/item mutation; oracle SHA256 442da53e86b1108343634cbc9420607ac1c91ec5708d59dff4a79d14b3515af0; Linux app Debug 14/14 proc_8420; original runtime oracle blocked	converged_no_new_differences
55	0x2F39C	sub_2F39C	event_helper_2F39C	0x2F3F0	84	assembly_exact	scene	src/scene/scene.cpp:SceneSession::run_event(case32)/change_first_inventory/advance_event(shop);tests/unit/scene/scene_test.cpp:check_event_inventory_condition_edge_cases/check_event_shop_helpers	research/evidence/functions/Z_DAT/0x2F39C.md	current Z.DAT 24-instruction full entry-to-shared-exit one-way review; loaded/raw 84-byte SHA256 with all 3 differing bytes normalized as absolute-address raw+0x20000 relocations; exactly two code callers plus one address-table data reference; scans 200 interleaved inventory ID/count pairs and changes only the first matching slot; count add uses delta low16 with signed-int16 wrap then signed >0 keep test; nonpositive result delegates sub_2B227 whose complete 78-byte path shifts every later ID/count pair left regardless of empty slots and writes slot199=(-1,0); absent target performs no write; opcode32 sign-extends item/delta, cleans8 stack bytes and advances PC3; shop caller passes item174 and signed low16 of negated price, then ignores return; fixed C++ implementation-defined out-of-range signed narrowing by explicitly using wrapping_add, then restarted complete entry review with zero new differences; all 160 KDEF occurrences and complete parameter-stream SHA256, item range37..194 and delta range -200..-1; real script234 first-money delete exposing unchanged duplicate; synthetic absent, first-duplicate-only, zero/negative delete, full-tail/empty-slot compaction, slot199 delete and both signed wrap directions; delegated delete-helper closure not propagated; oracle SHA256 d38925fb2acd2efaaf0f1aa30b3dd67201f3539080c0e85af7737eea231339cc; Linux core Debug 13/13 proc_8f3e and app Debug 14/14 proc_59f7; original runtime oracle blocked	converged_no_new_differences
56	0x2F3F0	sub_2F3F0	event_helper_2F3F0	0x2F526	310	platform_adapted	scene	src/scene/scene.cpp:SceneSession::run_event(case33)/draw_overlay/render/render_overlay;tests/unit/scene/scene_test.cpp:check_event_learn_magic/check_event_state_side_effects	research/evidence/functions/Z_DAT/0x2F3F0.md	current Z.DAT 86-instruction full entry-to-shared-exit one-way review; loaded/raw 310-byte SHA256 with all 14 differing bytes normalized as absolute-address raw+0x20000 relocations; unique sub_2C319 opcode33 caller sign-extends role/magic/silent, ignores return, cleans12 stack bytes and advances PC4; scans ten role magic-ID words for first exact zero, writes magic ID low16 and matching level0 then short-circuits, falling back to overwrite slot0/level0 when full without duplicate check; state write precedes silent test and any nonzero silent skips all UI; silent0 builds original Big5 %s 學會 %s from role byte8 and 136-byte magic record byte2 C strings; panel/text geometry derives from combined name byte length, uses colors5/7, preserves caller framebuffer, presents, waits any key, then redraws/presents bare scene; fixed ASCII numeric notice plus fixed black/redrawn notice geometry by adding original bytes, dynamic rounded panel and frozen-background style, then restarted complete entry review with zero new differences; all 7 KDEF occurrences and complete parameter-stream SHA256, five visible original texts and two silent calls, all role/magic IDs valid; five visible frame aggregate SHA256 and role49/magic15 exact bytes/panel/FNV; real script581 full-slot fallback plus actual original notice; synthetic first-empty, full, silent1/-32768 and repeated frozen render; invalid role/magic access guarded and host nonblocking notice/response transport platform-adapted; delegated panel/text/input/present/scene closures not propagated; oracle SHA256 d3faeafc3655c13a0f82dac0ddf8a93a7ea29513e7a7fdcb62313eb7e1792e44; Linux app Debug 14/14 proc_79cf; original runtime oracle blocked	converged_no_new_differences
57	0x2F526	sub_2F526	event_helper_2F526	0x2F62F	265	platform_adapted	scene	src/scene/scene.cpp:SceneSession::run_event(case34)/draw_overlay/render/render_overlay;tests/unit/scene/scene_test.cpp:check_event_role_iq_clamp	research/evidence/functions/Z_DAT/0x2F526.md	current Z.DAT 67-instruction full entry-to-return review; loaded/raw 265-byte SHA256 with all 15 differing bytes normalized as absolute-address raw+0x20000 relocations; unique sub_2C319 opcode34 caller sign-extends role/delta, ignores return0, cleans8 stack bytes and advances PC3; reads role word60 IQ, performs low16 wrapping add, then signed clamps above100 and below0; computes 32-bit clamped-after minus original-before gain and shows UI only when gain>0; positive path formats original Big5 %s 資質增加 %d from role byte8 C string and actual gain, with panel length role-name-bytes+10 excluding decimal digits, colors5/7, caller framebuffer preservation, present/wait/scene restore; fixed ASCII role-id notice plus fixed black/redrawn notice geometry by adding original bytes, dynamic rounded panel and frozen-background style only for opcode34, then restarted complete entry review with zero new differences; all 4 KDEF occurrences and complete parameter-stream SHA256, all role IDs valid; four baseline single-call original texts/pixels; synthetic 99+3 clamp notice1, positive-to-negative wrap no notice, negative+zero clamp notice10, negative-to-positive wrap notice32868 and positive-to-negative wrap no notice; three visible synthetic FNV and aggregate SHA256, repeated frozen render without RNG consumption; invalid role/corrupt name guarded and host nonblocking notice/response transport platform-adapted; delegated panel/text/input/present/scene closures not propagated; oracle SHA256 5ce9fa25278dc076220db7bc3ec764574c79f6490f0fa26dee27cec94e8464bb; Linux app Debug 14/14 proc_2ea7; original runtime oracle blocked	converged_no_new_differences
58	0x2F62F	sub_2F62F	event_helper_2F62F	0x2F6C2	147	platform_adapted	scene	src/scene/scene.cpp:SceneSession::run_event(case35);tests/unit/scene/scene_test.cpp:check_event_role_sexual_and_audio/check_event_magic_slot_write	research/evidence/functions/Z_DAT/0x2F62F.md	current Z.DAT 41-instruction full entry-to-return review; loaded/raw 147-byte SHA256 with all 7 differing bytes normalized as absolute-address raw+0x20000 relocations; unique sub_2C319 opcode35 caller sign-extends role/slot/magic/level, ignores return0, cleans16 stack bytes and advances PC5; any slot other than exact -1 directly writes role magic-ID word63+slot and level word73+slot without empty/duplicate/bounds checks; exact -1 scans ten ID words in order, writes first exact zero and short-circuits, otherwise overwrites slot0; magic ID and level are low signed-int16 without clamp, including magic0 still writing level and stopping; function has no UI/input/audio and returns0; C++ matches complete legal domain with no product change, then full entry review repeated with zero differences; all 8 KDEF occurrences and complete parameter-stream SHA256, all roles and explicit slots0/1 valid with no real automatic call; real script289 role36 slot0 write; synthetic explicit slot9 signed extrema, first-empty slot2, full fallback0 and zero-magic level write; invalid slots -2/10 are guarded modern behavior replacing original adjacent-field alias writes, platform-adapted; delegated role layout closure not propagated; oracle SHA256 babe8d954f88c6a736b5985ab5c1597767302db733a6688e4052f6967ce6fc58; Linux app Debug 14/14 proc_bc70; original runtime oracle blocked	converged_no_new_differences
59	0x2F6C2	sub_2F6C2	event_helper_2F6C2	0x2F6E3	33	platform_adapted	scene	src/scene/scene.cpp:SceneSession::run_event(case36)/conditional;tests/unit/scene/scene_test.cpp:check_event_basic_role_and_scene_helpers	research/evidence/functions/Z_DAT/0x2F6C2.md	current Z.DAT 9-instruction full entry-to-return review; loaded/raw 33-byte SHA256 with sole differing byte normalized as one absolute-address raw+0x20000 relocation; unique sub_2C319 opcode36 caller sign-extends expected sexual/true offset/false offset, cleans12 stack bytes, advances PC4 then adds returned signed offset; reads and sign-extends fixed role0 word14 sexual, exact compares expected, returns true offset unchanged when equal and false offset unchanged otherwise; no state write, UI, input or audio; C++ signed equality and conditional width/offset formula match complete valid domain with no product change, then full entry/caller review repeated with zero differences; sole KDEF occurrence and complete parameter-stream SHA256; real script328 sexual2 selects offset6/TALK1123 and sexual1 selects offset0/TALK1122; synthetic expected -32768 with sexual -32768/32767 fixes true4/false0 signed extrema; empty-role modern stable value replaces original invalid read and is platform-adapted; oracle SHA256 68101cc9ca307fd8f2fd093c5836c734b8a838492524ef433d4b733d379cdff8; Linux app Debug 14/14 proc_238a; original runtime oracle blocked	converged_no_new_differences
60	0x2F6E3	sub_2F6E3	event_helper_2F6E3	0x2F721	62	platform_adapted	scene	src/scene/scene.cpp:SceneSession::run_event(case37)/wrapping_add/clamped_add;tests/unit/scene/scene_test.cpp:check_event_basic_role_and_scene_helpers	research/evidence/functions/Z_DAT/0x2F6E3.md	current Z.DAT 12-instruction full entry-to-return review; loaded/raw 62-byte SHA256 with all 5 differing bytes normalized as five absolute-address raw+0x20000 relocations to the same morality word; unique sub_2C319 opcode37 caller sign-extends delta, ignores return0, cleans4 stack bytes and advances PC2; adds delta low16 in place to fixed role0 word56 morality, then signed clamps strictly above100 to100 followed by strictly below0 to0; no UI/input/audio and returns0; C++ wrapping_add explicitly reproduces low16 addition before clamped_add 0..100 over complete valid domain with no product change, then full entry/caller review repeated with zero differences; all 156 KDEF occurrences and complete parameter-stream SHA256 with fifteen distinct real deltas and all positions; real script149 3 plus -5 to0 and -32768 plus -5 wrapping to32763 then100; synthetic 99 plus5, 32767 plus1, -32768 minus1, 100 plus32767, 0 minus32768 and -1 plus0 fix upper/lower and both wrap directions; empty-role guard replaces original invalid write and is platform-adapted; oracle SHA256 ad6d3725553a2068cce0148bc2bc09a6940a115d5fe4c89326a816a4c601ef9f; Linux app Debug 14/14 proc_39ef; original runtime oracle blocked	converged_no_new_differences
61	0x2F721	sub_2F721	event_helper_2F721	0x2F890	367	platform_adapted	scene	src/scene/scene.cpp:SceneSession::run_event(case38)/SceneSession::scene_value/set_scene_value;src/model/game_snapshot.cpp:GameSnapshot::scene_value/set_scene_value;tests/unit/scene/scene_test.cpp:check_event_basic_role_and_scene_helpers	research/evidence/functions/Z_DAT/0x2F721.md	current Z.DAT 105-instruction full physical-range review plus both exits through shared epilogue; loaded/raw 367-byte SHA256 with all 17 differing bytes normalized as absolute-address raw+0x20000 relocations; unique sub_2C319 opcode38 caller sign-extends scene/layer/old/new, ignores return0, cleans16 stack bytes and advances PC5; exact target -2 scans selected layer in current 49152-byte scene buffer with nested64 loops covering every one of 4096 words exactly once and writes new low16 only on signed exact old match; other target flushes current scene to work archive, ensures ALLSIN offsets, opens ALLSINBK read/write, seeks/reads target 49152 bytes, performs identical full-layer replace, seeks/writes full record, closes and reloads current scene; C++ fixed64x64 scan and direct target GameSnapshot span write match complete valid state domain because snapshot owns all 100 scene work records, then full entry/branch/archive-order/epilogue/caller review repeated with zero product differences; all 3 KDEF occurrences and complete parameter-stream SHA256, all real target -2/layer0; real script434 changes matching indices0/63/4095 and preserves nonmatch64; synthetic external scene7 layer5 changes matching0/63/64/4095, preserves nonmatch65 and current scene70 value; bounds/corrupt-map guards and in-memory replacement of writable BK work files platform-adapted; delegated archive/seek/read/write/close and scene flush/reload closures not propagated; oracle SHA256 bccb77c43001539eb526353df32d54664d69b735e62ea491980b2551437200e1; Linux app Debug 14/14 proc_7166; original runtime oracle blocked	converged_no_new_differences
62	0x2F890	sub_2F890	event_helper_2F890	0x2F8AB	27	platform_adapted	scene	src/scene/scene.cpp:SceneSession::run_event(case39);tests/unit/scene/scene_test.cpp:check_event_basic_role_and_scene_helpers	research/evidence/functions/Z_DAT/0x2F890.md	current Z.DAT 6-instruction full entry-to-return review; loaded/raw 27-byte SHA256 with sole differing byte normalized as one scene-metadata-base raw+0x20000 relocation; unique sub_2C319 opcode39 caller sign-extends scene, ignores return0, cleans4 stack bytes and advances PC2; multiplies scene parameter by52 and unconditionally writes word0 zero at the selected RANGER scene metadata record, preserving all other words; C++ writes the same entrance_condition field over complete valid scenes0..83 with no product change, then full entry/caller review repeated with zero differences; all 3 KDEF occurrences and complete parameter-stream SHA256, real scenes75/80 all valid; real script420 scene75 777 to0; synthetic scene0 -32768 to0 and scene83 32767 to0; invalid scene -1/84 preserve scene0/83 sentinels under modern bounds protection replacing original alias/out-of-bounds writes and are platform-adapted; oracle SHA256 35aae03b0a4582fc3dbbdbdaf4f3b991ffe20249ed1f5fbd4e6e56ee6ce743ef; Linux app Debug 14/14 proc_9875; original runtime oracle blocked	converged_no_new_differences
63	0x2F8AB	sub_2F8AB	event_helper_2F8AB	0x2F8D1	38	platform_adapted	scene	src/scene/scene.cpp:SceneSession::run_event(case40)/player_frame/commit_header;tests/unit/scene/scene_test.cpp:check_event_basic_role_and_scene_helpers	research/evidence/functions/Z_DAT/0x2F8AB.md	current Z.DAT 9-instruction full entry-to-return review; loaded/raw 38-byte SHA256 with all 3 differing bytes normalized as direction-variable/base-frame-table/current-picture raw+0x20000 relocations; unique sub_2C319 opcode40 caller sign-extends direction, ignores return0, cleans4 stack bytes and advances PC2; writes direction low16, sign-extends the stored word to index exact base-frame table 5002/5016/5030/5044, then overwrites current player picture and returns0 without present/input/audio; C++ clears player-frame override, sets valid direction, zeroes walk offset, resolves the same base frame and synchronizes the snapshot header mirror over complete legal0..3 domain with no product change, then full entry/caller review repeated with zero differences; all 12 KDEF occurrences and complete parameter-stream SHA256, all four directions present and all real values valid; real script235 direction3/walk0/frame5044; synthetic directions0/1/2/3 fix frames5002/5016/5030/5044 and snapshot mirror; invalid -1/4 clamp to0/3 replacing original signed out-of-table reads and are platform-adapted; runtime-global versus snapshot-mirror ownership platform-adapted; oracle SHA256 f27c4720724a5c56a18a9a3e1eb8dab03a5bd66908ea720c4ec0c7e0d865b3b1; Linux app Debug 14/14 proc_c644; original runtime oracle blocked	converged_no_new_differences
64	0x2F8D1	sub_2F8D1	event_helper_2F8D1	0x2F966	149	platform_adapted	scene	src/scene/scene.cpp:SceneSession::run_event(case41)/add_role_item/wrapping_add;tests/unit/scene/scene_test.cpp:check_event_role_sexual_and_audio/check_event_basic_role_and_scene_helpers	research/evidence/functions/Z_DAT/0x2F8D1.md	current Z.DAT 44-instruction full entry-to-return review; loaded/raw 149-byte SHA256 with all 5 differing bytes normalized as three role-item-ID-base and two role-item-count-base raw+0x20000 relocations; unique sub_2C319 opcode41 caller sign-extends count/item/role, ignores return0, cleans12 stack bytes and advances PC4; 182-byte role records with item-ID words83..86 and count words87..90; first four-slot scan updates only first equal item ID by low16 wrapping count addition and retains zero/negative result plus ID; only when no equal ID, second four-slot scan writes item/count low16 to first ID exactly -1, with other negative IDs nonempty and zero/negative new counts retained; full slots no write and item -1 is first-stage existing match; C++ two-stage search matched but existing-count addition depended on narrowing conversion, changed to explicit wrapping_add and then full entry/caller review repeated with zero differences; all 6 KDEF occurrences and complete parameter-stream SHA256, all real counts1; real script289 item78 -1+1 becomes count0 with ID retained; synthetic duplicate first-only, positive/negative overflow, -2 nonempty, exact -1 empty, zero/negative new counts, full no-write and item -1 existing semantics; invalid role -1 no-write guard replacing original out-of-record access is platform-adapted; oracle SHA256 6c013e60e4769644381a7ba82936026e896ab4282e4a842aff8a5f124862fa01; first build caught test array initialization and corrected rerun Linux app Debug 14/14 proc_cece; original runtime oracle blocked	converged_no_new_differences
65	0x2F966	sub_2F966	event_helper_2F966	0x2F9B5	79	platform_adapted	scene	src/scene/scene.cpp:SceneSession::run_event(case42)/conditional;tests/unit/scene/scene_test.cpp:check_event_basic_role_and_scene_helpers	research/evidence/functions/Z_DAT/0x2F966.md	current Z.DAT 24-instruction full entry-to-return review; loaded/raw 79-byte SHA256 with all 3 differing bytes normalized as two party-slot-base and one role-sexual-base raw+0x20000 relocations; unique sub_2C319 opcode42 caller pushes false then true signed offsets, receives selected offset, cleans8 stack bytes and computes oldPC+3+returned_offset; fixed scan of all six party slots without short-circuit on matches or empty holes; signed negative role IDs skipped, nonnegative IDs multiply 182 to role word14 sexual, only exact value1 sets persistent match flag; returns first argument on match else second argument and has no state write/present/input/audio; C++ six-slot loop has no break and matches signed-empty/sexual-exact-one/offset selection over valid role domain with no product change, then full entry/caller review repeated with zero differences; all 2 KDEF occurrences and complete parameter-stream SHA256, script444 PC158 and script445 PC24 both offsets6/0; real script445 no-female TALK1575 and female TALK1574 paths; synthetic all-empty, slot5 female after empty holes, slot5 sexual2 and slot0 female; nonnegative out-of-range role guard replacing original out-of-record read is platform-adapted and synthetic slot5 role32767 after slot0 female remains true; oracle SHA256 1e20c57c567227b750e7b309a9cf45de48d2463884b7fc4f124d011bbd81683a; first build caught synthetic IDX omission and corrected rerun Linux app Debug 14/14 proc_ebb4; original runtime oracle blocked	converged_no_new_differences
66	0x2F9B5	sub_2F9B5	event_helper_2F9B5	0x2F9F2	61	assembly_exact	scene	src/scene/scene.cpp:SceneSession::run_event(case43)/inventory_contains_id/conditional;tests/unit/scene/scene_test.cpp:check_event_basic_role_and_scene_helpers	research/evidence/functions/Z_DAT/0x2F9B5.md	current Z.DAT 21-instruction full entry-to-return review; loaded/raw 61-byte SHA256 with the only differing byte normalized as inventory-item-ID-base raw+0x20000 relocation; unique sub_2C319 opcode43 caller sign-extends false/true/item parameters, receives selected signed offset, cleans12 stack bytes and computes oldPC+4+returned_offset through shared branch block; initializes found0 and scans all 200 fixed inventory slots at stride4, sign-extends and compares only first word item ID, never reads count, sets found1 on equality without short-circuit, so zero/negative count and item -1 remain matching semantics; returns second argument true offset when found else third false offset with no state write/present/input/audio; C++ already used item-ID presence but helper returned on first match, changed to accumulate found and complete all 200 reads, then full entry/caller review repeated with zero differences; fixed 200-slot model needs no boundary adaptation; all 5 KDEF occurrences and complete parameter-stream SHA256 over items183/110/106/109/117; real script636 item110 count0 true TALK2381 and ID absent false TALK2380; synthetic slot199 item110 count-32768 true, full absence false, and slot100 item-1 count32767 queried as -1 true; oracle SHA256 150df396ecf78bde48d427b6d5a63754c43fc51b9894922d8ac31dd7ae3fb09d; Linux app Debug 14/14 proc_626d; original runtime oracle blocked	converged_no_new_differences
67	0x2F9F2	sub_2F9F2	event_helper_2F9F2	0x2FAB7	197	platform_adapted	scene	src/scene/scene.cpp:SceneSession::run_event(case44)/advance_dual_picture_animation_frame/set_animated_picture;tests/unit/scene/scene_test.cpp:check_event_dual_picture_animation/check_event_basic_role_and_scene_helpers	research/evidence/functions/Z_DAT/0x2F9F2.md	current Z.DAT 71-instruction full entry-to-return review; loaded/raw 197-byte SHA256 with all 6 differing bytes normalized as two BIOS-tick-pointer, two captured-tick-global and two current-player-picture raw+0x20000 relocations; unique sub_2C319 opcode44 caller sign-extends and pushes six KDEF words, callee reads only first five and ignores second_end, return1 ignored, cleans24 stack bytes and advances PC7; first/second pictures plus first control counter are signed int32, inclusive counter<=first_end loop increments all by2, start>end zero frames and opposite-parity end not forced, only picture writes truncate low16; each frame captures pre-tick, updates first then second where exact event -1 writes current player picture else delegated sub_2D841 writes event current/end/begin pictures, so two -1 writes leave second picture, then increments, delegated sub_2D653 presents, sub_3DB83(50) delays and busy-waits until tick differs; C++ int cooperative state machine uses same legal frame values/order/three fields and PC, synchronous render/delay/tick wait replaced by present wait_ticks2 is platform-adapted, then full entry/caller review repeated with zero differences; delegated helper closures not propagated; all 6 KDEF occurrences and complete parameter-stream SHA256, script534 and script676 each repeat their vector three times; real script534 18-frame field/view/framebuffer oracle; synthetic start>end zero frames, both-player second overwrite with deliberately irrelevant second_end, signed-int32 32767 one-frame exit, and odd endpoint10..13 two frames; oracle SHA256 6ff36a52354a9469bcfa5d9b99b780c56a1ebe77b2d79f727c95e9adec127266; Linux app Debug 14/14 proc_4fad; first formal oracle command typo wrote no product/evidence output and corrected two runs matched; original runtime oracle blocked	converged_no_new_differences
68	0x2FAB7	sub_2FAB7	event_helper_2FAB7	0x2FBC0	265	platform_adapted	scene	src/scene/scene.cpp:SceneSession::run_event(case45);tests/unit/scene/scene_test.cpp:check_event_basic_role_and_scene_helpers	research/evidence/functions/Z_DAT/0x2FAB7.md	current Z.DAT full 265-byte/67-instruction entry-to-return review; loaded/raw SHA256 with all 15 differing bytes normalized as role speed/name, format, text buffer, framebuffer and present-state raw+0x20000 relocations; unique opcode45 caller sign-extends role/delta, cleans8 stack bytes and advances PC3; word44 low16 wrapping add then signed clamp0..100; notice only when final signed value exceeds original and formats signed-int32 actual gain; restored original role-name plus Big5 speed-gain text, dynamic name-byte panel, colors5/7 and frozen caller framebuffer; synchronous present/key wait/scene restore transported by cooperative notice/present state; delegated helper closures not propagated; all 3 KDEF occurrences and complete parameter-stream SHA256; real baseline script484/536/581 text and frame hashes; synthetic positive overflow no-notice, negative overflow gain32868, zero-delta clamp gain1, invalid-role protection; oracle SHA256 dc26493b0a0c521f5f56be29203f8bf9e7d4c1fc6ac1f3828d29c353140da334; Linux app Debug 14/14 proc_101a; original runtime oracle blocked	converged_no_new_differences	
69	0x2FBC0	sub_2FBC0	event_helper_2FBC0	0x2FC9D	221	platform_adapted	scene	src/scene/scene.cpp:SceneSession::run_event(case46);tests/unit/scene/scene_test.cpp:check_event_basic_role_and_scene_helpers/check_event_state_side_effects	research/evidence/functions/Z_DAT/0x2FBC0.md	current Z.DAT full 221-byte/61-instruction entry-to-return review; loaded/raw SHA256 with all 12 differing bytes normalized as current/maximum MP, role name, format, text buffer, framebuffer and present-state raw+0x20000 relocations; unique opcode46 caller sign-extends role/delta, cleans8 stack bytes and advances PC3; word27 low16 wrapping add without clamp then assigns word26 current MP; notice compares signed-int32 new maximum against old current MP, uses actual difference and does not require party membership; restored original role-name plus Big5 MP-gain text, dynamic role-name-byte panel, colors5/7 and frozen caller framebuffer; synchronous present/key wait/scene restore transported by cooperative notice/present state; delegated helper closures not propagated; both KDEF occurrences and complete parameter-stream SHA256; real baseline text/frame hash and modified script581 gain1100 path; synthetic positive/negative wrap, delta0 gain, negative-delta no-notice, and invalid-role protection; oracle SHA256 b4883eece2a2537e0ec07193960b347fd6b1e8f3ccace636ffd55e5376eba467; Linux app Debug 14/14 proc_46d8; original runtime oracle blocked	converged_no_new_differences
70	0x2FC9D	sub_2FC9D	event_helper_2FC9D	0x2FDA6	265	platform_adapted	scene	src/scene/scene.cpp:SceneSession::run_event(case47);tests/unit/scene/scene_test.cpp:check_event_basic_role_and_scene_helpers/check_event_state_side_effects	research/evidence/functions/Z_DAT/0x2FC9D.md	current Z.DAT full 265-byte/67-instruction entry-to-return review; loaded/raw SHA256 with all 15 differing bytes normalized as role attack/name, format, text buffer, framebuffer and present-state raw+0x20000 relocations; unique opcode47 caller sign-extends role/delta, cleans8 stack bytes and advances PC3; word43 low16 wrapping add then signed clamp0..100; notice only when final signed value exceeds original and formats signed-int32 actual gain; restored original role-name plus Big5 attack-gain text, dynamic role-name-byte panel, colors5/7 and frozen caller framebuffer; synchronous present/key wait/scene restore transported by cooperative notice/present state; delegated helper closures not propagated; all 5 KDEF occurrences and complete parameter-stream SHA256; three real roles with exact text/frame hashes; modified script581 gain10 path; synthetic positive overflow no-notice, negative overflow gain32868, zero-delta clamp gain1, and invalid-role protection; oracle SHA256 49b5d863ec7123cbdf94be0106d3e81f7b63b446df19fca8aded0fcf661dcc62; Linux app Debug 14/14 proc_36e5; original runtime oracle blocked	converged_no_new_differences
71	0x2FDA6	sub_2FDA6	event_helper_2FDA6	0x2FEBF	281	platform_adapted	scene	src/scene/scene.cpp:SceneSession::run_event(case48);tests/unit/scene/scene_test.cpp:check_event_basic_role_and_scene_helpers/check_event_state_side_effects	research/evidence/functions/Z_DAT/0x2FDA6.md	current Z.DAT full 281-byte/78-instruction entry-to-return review; loaded/raw SHA256 with all 14 differing bytes normalized as role HP, party, name, format, text buffer, framebuffer and present-state raw+0x20000 relocations; unique opcode48 caller sign-extends role/delta, cleans8 stack bytes and advances PC3; word18 low16 wrapping add without clamp then overwrites word17; complete 6-slot party scan; notice only when signed-int32 gain over old current HP is positive and role is in party; restored original role-name plus Big5 HP-gain text, dynamic role-name-byte panel, colors5/7 and frozen caller framebuffer; synchronous present/key wait/scene restore transported by cooperative notice/present state; delegated helper closures not propagated; all 8 KDEF occurrences and complete parameter-stream SHA256; script581 nonparty-before-join write1100 without HP notice; synthetic positive/negative overflow, zero-delta positive gain, negative gain, nonparty and invalid-role vectors with exact frame hashes; oracle SHA256 371a021c0b630638e06fed2dba7e6f9f69c6cbb847bb3681d8213e4c6c6743cf; Linux app Debug 14/14 proc_c0aa; original runtime oracle blocked	converged_no_new_differences
72	0x2FEBF	sub_2FEBF	event_helper_2FEBF	0x2FEDF	32	platform_adapted	scene	src/scene/scene.cpp:SceneSession::run_event(case49);tests/unit/scene/scene_test.cpp:check_event_basic_role_and_scene_helpers/check_event_state_side_effects	research/evidence/functions/Z_DAT/0x2FEBF.md	current Z.DAT full 32-byte/7-instruction entry-to-return review; loaded/raw SHA256 with sole differing byte normalized as role mp_type raw+0x20000 relocation; unique opcode49 caller sign-extends role/value, cleans8 stack bytes and advances PC3; role*182 direct addressing and low16 assignment to word40 without old-value read, clamp, arithmetic, party scan, UI or input; all 3 KDEF occurrences and complete parameter-stream SHA256; real baseline role53 and role49 vectors; script581 modified old0-to2 vector; synthetic int16 extrema, zero and invalid-role protection; oracle SHA256 e5b048b02768d3f54454d81a6fdc0cf0dbe97724323623f4829f59af8b79f7de; Linux app Debug 14/14 proc_0468; original runtime oracle blocked	converged_no_new_differences
73	0x2FEDF	sub_2FEDF	event_helper_2FEDF	0x2FF87	168	assembly_exact	scene	src/scene/scene.cpp:SceneSession::run_event(case50);tests/unit/scene/scene_test.cpp:check_event_presence_and_party_tail_conditions/check_event_basic_role_and_scene_helpers	research/evidence/functions/Z_DAT/0x2FEDF.md	current Z.DAT full 168-byte/57-instruction entry-to-return review; loaded/raw SHA256 with all 5 differing bytes normalized as five inventory-ID-base raw+0x20000 relocations; unique opcode50 caller sign-extends five item IDs and two offsets, cleans28 stack bytes, adds PC8 then signed returned offset; five independent latched found flags; complete outer 200-slot scan with five independent item-ID reads/comparisons per slot; count never read; matches zero/negative count and item -1; repeated query IDs can all be satisfied by one slot; true offset only when all flags1 else false offset; first C++ review found cross-parameter short-circuit and five sequential scans, corrected to machine scan order then fully rereviewed; sole KDEF script676 parameters and complete stream SHA256; real five zero-count IDs true TALK2482 and one missing false TALK2481; synthetic distinct, missing, repeated count-32768 and repeated -1 vectors; oracle SHA256 0d0bce29ae7fc1cfc6d08c660e2df310835adc5b0b6b9596b874d843dfef011a; Linux app Debug 14/14 proc_212d; original runtime oracle blocked	converged_no_new_differences
74	0x2FF87	sub_2FF87	event_helper_2FF87	0x2FFB3	44	assembly_exact	scene	src/scene/scene.cpp:SceneSession::run_event(case51);tests/unit/scene/scene_test.cpp:check_event_basic_role_and_scene_helpers	research/evidence/functions/Z_DAT/0x2FF87.md	current Z.DAT full 44-byte/13-instruction entry-to-return review including external shared return block; loaded/raw identical SHA256 with zero relocation; unique opcode51 caller has no parameters, ignores return1 and advances PC1; exactly one bounded RNG call with upper18, cwde then add2547 gives TALK2547..2564; fixed head114/style0 standard dialogue call; delegated RNG and dialogue closures not propagated; sole KDEF script692 PC0 and complete call-stream SHA256; seed1 state0x41c67ea6 remainder8 TALK2555 exact head/style vector; double oracle equals existing SHA256 0d0bce29ae7fc1cfc6d08c660e2df310835adc5b0b6b9596b874d843dfef011a; Linux app Debug 14/14 proc_f713; original runtime oracle blocked	converged_no_new_differences
75	0x2FFB3	sub_2FFB3	event_helper_2FFB3	0x30035	130	platform_adapted	scene	src/scene/scene.cpp:SceneSession::run_event(case52)/render_overlay/draw_panel;tests/unit/scene/scene_test.cpp:check_event_status_notices	research/evidence/functions/Z_DAT/0x2FFB3.md	current Z.DAT full 130-byte/34-instruction entry-to-return review; loaded/raw SHA256 with all 8 differing bytes normalized as role morality, format, text buffer, framebuffer and present-state raw+0x20000 relocations; unique opcode52 caller has no parameters, ignores return0 and advances PC1; signed role0 word56 formatted with exact Big5 morality prefix plus minimum-width %5d; fixed panel54,40,212,27 fill255/blend0/style4 and text64,45 colors5/7 16px; legacy synchronous caller-framebuffer present, any-key wait and scene redraw/present transported as cooperative notice/ack/present/stay; delegated formatter/panel/font/input/present/scene closures not propagated; sole KDEF script825 PC0 and complete call-stream SHA256; real morality7 exact text/frame and signed-word -32768/0/32767 exact text/frame vectors; double oracle SHA256 c9aff6f6aa02c7582eeea9a1f40bb50146e230728ab8404f3e48ac2d7c4158e9; Linux app Debug 14/14 proc_1678; original runtime oracle blocked	converged_no_new_differences
76	0x30035	sub_30035	event_helper_30035	0x30094	95	platform_adapted	scene	src/scene/scene.cpp:SceneSession::run_event(case53)/render_overlay/draw_panel;tests/unit/scene/scene_test.cpp:check_event_status_notices	research/evidence/functions/Z_DAT/0x30035.md	current Z.DAT full 95-byte/25-instruction physical review plus external opcode52 shared tail; loaded/raw SHA256 with all 6 differing bytes normalized as role fame, format, text buffer and framebuffer raw+0x20000 relocations; unique opcode53 caller has no parameters, ignores return0 and advances PC1; signed role0 word59 formatted with exact Big5 fame prefix plus minimum-width %4d; fixed panel50,40,220,27 fill255/blend0/style4 and text60,45 colors5/7 16px; first C++ review found fame notice omitted machine shared-tail scene restore and prior sub_2D653 evidence misclassified this path, both corrected then fully rereviewed; legacy synchronous caller-framebuffer present, any-key wait and scene redraw/present transported as cooperative notice/ack/present/stay; delegated formatter/panel/font/input/present/scene closures not propagated; sole KDEF script828 PC0 and complete call-stream SHA256; real fame123 exact text/frame and signed-word -32768/0/32767 exact text/frame vectors; double oracle SHA256 5a30b618430004d5572ff17f1523e566afb6b4da9f460ed6eeeb3c365ec72a53; Linux app Debug 14/14 proc_2cc2; original runtime oracle blocked	converged_no_new_differences
77	0x30094	sub_30094	event_helper_30094	0x300D9	69	platform_adapted	scene	src/scene/scene.cpp:SceneSession::run_event(case54);tests/unit/scene/scene_test.cpp:check_event_open_all_scenes	research/evidence/functions/Z_DAT/0x30094.md	current Z.DAT full 69-byte/14-instruction entry-to-return review; loaded/raw SHA256 with all 5 differing bytes normalized as scene metadata raw+0x20000 relocations; unique opcode54 caller has no parameters, ignores return0 and advances PC1; fixed 84-iteration index*52 loop clears every scene0..83 word0 then writes scene2=2, scene38=2, scene75=1, scene80=1; no old-value read, other-word mutation, scene I/O or UI; modern short-vector bounds protection only; sole KDEF script821 PC145 and complete call-stream SHA256; all 84 entries initialized777 then exact 80-zero/four-special result and full <84h> stream SHA256; double oracle SHA256 f359f735b2e81b5dad6be60d827f4eeeecc62491560828c73897f01ffb2bc636; Linux app Debug 14/14 proc_dbee; original runtime oracle blocked	converged_no_new_differences
78	0x300D9	sub_300D9	event_helper_300D9	0x300FF	38	platform_adapted	scene	src/scene/scene.cpp:SceneSession::run_event(case55);tests/unit/scene/scene_test.cpp:check_event_basic_role_and_scene_helpers	research/evidence/functions/Z_DAT/0x300D9.md	current Z.DAT full 38-byte/10-instruction entry-to-return review plus unique interpreter caller and PC-result block; loaded/raw SHA256 with sole differing byte normalized as current-scene event array raw+0x20000 relocation; callee reads event_index*22 word2, compares argument2 and nominally selects arguments3/4; machine caller actually pushes sign-extended argument2 three times and never reads arguments3/4, so both results equal argument2; caller cleans16 stack bytes then PC=old+5+signed argument2; first C++ review found intended distinct conditional semantics and corrected both offsets to argument2 then fully rereviewed; all 28 KDEF calls and complete parameter-stream SHA256, every real argument2=-1 hence fixed oldPC+4 lands on argument4 word0 opcode0; script464 four occurrences each present then modify events2..5 to862..865 regardless event2 old -1/999, preserving current_picture via -2; modern invalid scene/event read protection only; double oracle SHA256 405f56d6ef795ab1e40d62b993c47f12f01f27dd04c134082a468f58ce08dd78; Linux app Debug 14/14 proc_37a6; original runtime oracle blocked	converged_no_new_differences
79	0x300FF	sub_300FF	event_helper_300FF	0x301D1	210	platform_adapted	scene	src/scene/scene.cpp:SceneSession::run_event(case56)/update_book_event_if_ready;tests/unit/scene/scene_test.cpp:check_event_basic_role_and_scene_helpers	research/evidence/functions/Z_DAT/0x300FF.md	current Z.DAT full 210-byte/59-instruction entry-to-return review plus unique opcode56 caller and zero-fill callee boundary; loaded/raw SHA256 with all 6 differing bytes normalized across 6 role-fame/inventory absolute operands as raw+0x20000 relocations; argument low16 wrapping-adds role0 word59 then signed threshold200, below threshold skips inventory; otherwise one complete 200-slot/4-byte-stride pass reads only item IDs, marks blocker189 and books144..157 with counts ignored and no early exit; only no189 plus all14 books calls independently closed event primitive with exact 13-word scene70/event11 change, return0 and caller PC+2; C++ repeats complete stable-snapshot scans per ID rather than one bitmap pass but has identical valid-domain result, no product change; helper reuse by item-add/tournament callers does not propagate their closure; all 105 KDEF calls, positive delta distribution and complete parameter-stream SHA256; script2 signed wrap no-trigger, books in final14 slots with negative/zero/positive counts exact eleven-word change, and count0 blocker preservation; double oracle SHA256 d28f1cc42445e4e20f998daba33547efe2d0b4728483bef0b7adb86ab6f5d219; modern empty-role/damaged-snapshot protection only; Linux app Debug 14/14 proc_bb04; original runtime oracle blocked	converged_no_new_differences
80	0x301D1	sub_301D1	event_helper_301D1	0x302E0	271	platform_adapted	scene	src/scene/scene.cpp:SceneSession::run_event(case57)/advance_three_statue_animation_frame/set_animated_picture;tests/unit/scene/scene_test.cpp:check_event_three_statue_animation	research/evidence/functions/Z_DAT/0x301D1.md	current Z.DAT full 271-byte/90-instruction entry-to-return review plus unique no-argument opcode57 caller and PC+1 block; loaded/raw SHA256 with all 11 differing bytes normalized across 11 BIOS tick pointer, captured tick and player-picture absolute operands as raw+0x20000 relocations; phase0 signed-int32 inclusive7664..7674 by2 gives6 frames writing player low16; phase1 signed-int32 inclusive0..56 by2 gives29 frames, updates player to counter+7676 only while signed current picture<7688 then freezes; each phase1 frame updates event2/3/4 in order with bases7690/7748/7806 through independently closed event primitive, current/end/begin only; every frame capture tick, update, delegated render, delay50=2 ticks, pre-frame tick-change wait, then increment; final player7688 and events7746/7804/7862, return0; synchronous35-frame render/delay/spin and completion-time caller PC+1 transported as cooperative present wait_ticks2 with preadvanced but unobservable PC; helper closures not propagated; sole KDEF script655 PC47 and complete call-stream SHA256; scene14 exact event words/coordinates and full35-frame player/event/framebuffer oracle with trace-stream SHA256; double oracle SHA256 ddfb7465d2d7dba670b75da2e8f5d9701f1801c25b68bc6c3a8e2734f39559b9; Linux app Debug 14/14 proc_725b; original runtime oracle blocked	converged_no_new_differences
81	0x302E0	sub_302E0	event_helper_302E0	0x30480	416	platform_adapted	scene	src/scene/scene.cpp:SceneSession::run_event(case58)/advance_tournament_trial;tests/unit/scene/scene_test.cpp:check_event_tournament_trial	research/evidence/functions/Z_DAT/0x302E0.md	current Z.DAT full 416-byte/131-instruction entry-to-return review plus unique no-argument opcode58 caller and PC+1 block; loaded/raw bytes exact with zero relocation differences and shared SHA256; stack 6x6 word table fully zeroed then five groups each consume bounded6 until three distinct opponents, duplicates still consume RNG; accepted cell=group*6+opponent immediately calls independently owned single-match function and first zero return exits before any later draw; groups0..3 exact dialogue2891/render/fade-black/delay300=8ticks/role-restore/fade-in/dialogue2892/render sequence; group4 exact five-dialogue finale, inclusive current-scene events24..72 mutation preserving delay/x/y, render/fade-in/dialogue2889/render/item143+1 and return1; synchronous nested calls transported through cooperative output queue, four interround fades use wait_ticks9 as final fade tick plus eight black ticks, and preadvanced PC remains unobservable until completion; delegated single match, role restore, dialogue/render/fade/delay/event/inventory/RNG closures not propagated; sole KDEF script936 PC54 and complete call-stream SHA256; seed1 twenty-one draw trace has six duplicates and fifteen accepted cells with draw/selected stream SHA256s, first defeat stops after one draw; forty-four machine dialogue calls independently paginate to fifty-one visible pages with both stream SHA256s; exact fifteen battle IDs/RNG states, four interround holds, twenty fade-ins, five fade-outs, forty-nine event writes and reward verified; double oracle SHA256 6126a5000f305557d4f7db6775c999884b1494c0f6f5d267ea5cc2ad4df91153; Linux app Debug 14/14 proc_beb9; original runtime oracle blocked	converged_no_new_differences
82	0x30480	sub_30480	event_helper_30480	0x30510	144	platform_adapted	scene	src/scene/scene.cpp:kTournamentHeadIds/SceneSession::advance_tournament_trial;tests/unit/scene/scene_test.cpp:check_event_tournament_trial	research/evidence/functions/Z_DAT/0x30480.md	current Z.DAT full 144-byte/45-instruction entry-to-return review plus sole tournament caller; loaded/raw SHA256 with sole differing byte normalized as 30-word head-table raw+0x20000 relocation; function copies exact 60-byte table to stack before dynamic signed-word lookup, raw table SHA256 and all thirty values independently decoded; caller proves complete legal cell domain0..29 from group0..4 and bounded opponent0..5; exact dialogue2854+cell with table head/style0 then render and battle102+cell/get-exp0; battle return is compared exactly to1, victory renders, fades from black, shows dialogue2890/head0/style1, renders and returns1, every non1 invokes independently closed death menu with unread constant83 and returns0; cooperative dialogue/present/battle/fade/menu transport preserves synchronous order; battle internals remain delegated to B8 closure without propagation; seed1 real script936 verifies fifteen selected battle/head/style/RNG states and present-before-battle, every victory continuation, and first cell2 defeat dialogue/head/battle/death flow without later draw; double oracle SHA256 1780d46e1d7c54891d9ee7d4f4a765fe6ab9ac7fc2def6ed7820593a6abaacd6; Linux app Debug 14/14 proc_11a6; original runtime oracle blocked	converged_no_new_differences
83	0x30510	sub_30510	event_helper_30510	0x30559	73	platform_adapted	scene	src/scene/scene.cpp:SceneSession::advance_tournament_trial(interround_fade);tests/unit/scene/scene_test.cpp:check_event_tournament_interround_restore	research/evidence/functions/Z_DAT/0x30510.md	current Z.DAT full 73-byte/13-instruction entry-to-return review plus sole tournament caller; loaded/raw SHA256 with all eight differing bytes normalized across eight role0 absolute operands as raw+0x20000 relocations; signed int16 hurt>=50 returns, otherwise poison any nonzero returns; qualifying path writes hurt0 then physical-power100 then currentMP=maximumMP then currentHP=maximumHP with raw word copies, no clamp, party scan, UI or other side effect; sole caller invokes after four interround fade-to-black plus delay300 boundaries and before fade-from-black, ignores return register; C++ uses exact role0 signed condition and write order after cooperative wait_ticks9 completion, with empty-role protection only for damaged snapshot; max HP/MP negative copy, hurt -32768/49/50 and poison -1/0 vectors plus non-role0 preservation verified through real script936; double oracle SHA256 c11cb3cc52f6161da260aa6213b6ac2bd9e394781def5150001d5b053a008030; Linux app Debug 14/14 proc_bac5; original runtime oracle blocked	converged_no_new_differences
84	0x30559	sub_30559	event_helper_30559	0x30A5A	1281	platform_adapted	scene	src/scene/scene.cpp:SceneSession::run_event(case59);tests/unit/scene/scene_test.cpp:check_event_finale_party_cleanup	research/evidence/functions/Z_DAT/0x30559.md	current Z.DAT full 1281-byte/557-instruction entry-to-return review plus sole executable opcode59 caller and jump-table pointer; loaded/raw SHA256 with both differing bytes normalized across two then-current team-header base operands as raw+0x20000 relocations; compiler stack probe60 only; loop reads physical indices6..1 after each prior delegated removal, index6 aliases inventory item0 and indices5..1 live team slots, calls independently closed leave-role primitive only for signed word>0 and never reads index0; exactly36 independently closed event-primitive calls use ordered target list and identical 13-word arguments disabling fields0..8 while preserving x/y, complete argument-stream SHA256; function returns1 but dispatcher ignores it and advances PC by1; explicit C++ alias and live descending reads preserve original linear out-of-bounds bug, role/item bounds and all-scene snapshot only replace invalid memory/external archive transport; real script932 non-default all-target fields, x/y, unlisted event and protagonist preservation, roles1..6 via inventory0 alias plus five team slots, and synthetic zero-role gate verified; double oracle SHA256 98bb67d804180226b10e95cdcd977ee189d092b8f3aef221715ee12515867c18; Linux app Debug 14/14 proc_fef8; original runtime oracle blocked	converged_no_new_differences
85	0x30A5A	sub_30A5A	event_helper_30A5A	0x30B45	235	platform_adapted	scene	src/scene/scene.cpp:SceneSession::run_event(case60);tests/unit/scene/scene_test.cpp:check_event_current_picture_condition	research/evidence/functions/Z_DAT/0x30A5A.md	current Z.DAT full 235-byte/61-instruction entry-to-return review plus sole executable opcode60 caller and jump-table pointer; loaded/raw SHA256 with all 11 differing bytes normalized across 11 archive state/path/buffer/current-event absolute operands as raw+0x20000 relocations; five signed-word parameters are scene,event,expected-current-picture,yes-offset,no-offset; scene exactly-2 reads current in-memory event record word offset10, otherwise lazily loads ALLDEF index then opens/seeks/reads the target 4400-byte ALLDEFBK scene record and closes on both match and miss; compares only movsx current-picture, never end/begin, returns selected signed offset; caller reclaims five args then composes oldPC+6+signed return; complete five-call scripts491/530/990 stream SHA256 and initial ALLDEFBK/ALLDEF byte identity; C++ resident all-scene snapshot replaces external backup archive I/O while preserving live modifications, optional invalid-scene/event handling only replaces undefined/file-error domain; local script491 and external script990 current-vs-end/begin counterexamples prove both outcomes and dialogue offsets; double oracle SHA256 f2daa3a80c3a1437269feb3ffcf594d99fcca5cc7e9a2aeffb86fb6e02144a95; Linux app Debug 14/14 proc_8c14; original runtime oracle blocked	converged_no_new_differences
86	0x30B45	sub_30B45	event_helper_30B45	0x30B81	60	assembly_exact	scene	src/scene/scene.cpp:SceneSession::run_event(case61);tests/unit/scene/scene_test.cpp:check_event_all_book_pictures_condition	research/evidence/functions/Z_DAT/0x30B45.md	current Z.DAT full 60-byte/20-instruction entry-to-return review plus sole executable opcode61 caller and jump-table pointer; loaded/raw SHA256 with sole differing byte normalized inside the one current-event-picture absolute operand as raw+0x20000 relocation; eight-byte compiler stack probe only; initializes result1 and scans event11..24 at 22-byte stride, reading only signed current-picture word offset10 and comparing literal4664; mismatch latches result0 but never skips any later read, end/begin never read; exact result selects sign-extended yes/no argument, caller reclaims8 bytes then composes oldPC+3+signed return; all14 current calls are scripts1001..1014 PC23 yes1/no0 with complete stream SHA256; first C++ pass found built-in boolean short-circuit skipped later accessor calls, corrected to read into a local before accumulation then complete review restarted with zero new differences; script1001 missing event12 despite matching end/begin, missing upper-bound event24, and all-current-match despite differing end/begin verify false/false/true paths plus wave23/dialogue2914; double oracle SHA256 254380b42c09c19bb3fe9ec1affff40b60fcf125bfbcb24a0bfe37867359b809; Linux app Debug 14/14 proc_e67a; original runtime oracle blocked	converged_no_new_differences
87	0x30B81	sub_30B81	event_helper_30B81	0x30C38	183	platform_adapted	scene	src/scene/scene.cpp:SceneSession::run_event(case62)/advance_dual_picture_animation_frame;tests/unit/scene/scene_test.cpp:check_event_ending_prelude_animation	research/evidence/functions/Z_DAT/0x30B81.md	current Z.DAT full 183-byte/63-instruction entry-to-noreturn-transfer review plus sole executable opcode62 caller and jump-table pointer; loaded/raw SHA256 with all five differing bytes normalized across player-picture and BIOS-tick absolute operands as raw+0x20000 relocations; caller sign-extends six words but callee never reads second-end and never returns for cleanup or PC advance; writes player picture -86 before signed first-start<=first-end loop; each frame captures tick, handles first then second event with exact -1 skip and independently owned 13-word event modifier synchronizing current/end/begin pictures, increments both 32-bit picture values by2, delegates scene render, delay50 and waits for tick change, then increments first control by2; only first end controls inclusive range; script1017 sole call yields38 frames first8054..8128 and second8130..8204, picture-pair,76 event-argument and framebuffer trace SHA256s; second-end -32768/8204/32767 counterexamples identical; after final timing boundary calls independently closed adjacent ending and has no return; C++ cooperative state/present transport and unobservable PC+7 storage preserve legal path, no product difference; delegated event/render/time/ending closures not propagated and same-address input-font tick-pointer owner remains pending; double oracle SHA256 4b16a58db6e944f8845a6ef88fa10b2371ad0394df77bbafdcc1540883298334; Linux app Debug 14/14 proc_883c; original runtime oracle blocked	converged_no_new_differences
88	0x30C3D	sub_30C3D	event_helper_30C3D	0x3123C	1535	platform_adapted	scene	src/scene/scene.cpp:SceneSession::start_ending/load_ending_assets/load_ending_frames/advance_ending/render;src/app/legacy_game_runtime.cpp:handle_scene_result	research/evidence/functions/Z_DAT/0x30C3D.md	independent ENDWORD/KEND full-sequence oracle, 3908 exact frames/two waits and Linux app Debug 14/14;independent final one-way assembly-to-C++ basic-block review	converged_no_new_differences
89	0x31241	sub_31241	event_helper_31241	0x31280	63	platform_adapted	app	src/app/legacy_game_runtime.cpp:handle_scene_result/ending_terminal_message;src/audio/legacy_audio.cpp:LegacyAudioController::fade_out_music;src/platform/sdl3/main.cpp:main	research/evidence/functions/Z_DAT/0x31241.md	exact resource/music/audio/platform shutdown order, ending-only terminal bytes, status 0 and Linux app Debug 14/14;independent final one-way assembly-to-C++ basic-block review	converged_no_new_differences
90	0x31284	sub_31284	event_helper_31284	0x312A6	34	platform_adapted	scene	src/scene/scene.cpp:SceneSession::run_event(case63);tests/unit/scene/scene_test.cpp:check_event_role_sexual_and_audio	research/evidence/functions/Z_DAT/0x31284.md	current Z.DAT full 34-byte/6-instruction entry-to-shared-return review plus sole executable opcode63 caller and jump-table pointer; loaded/raw SHA256 with sole differing byte normalized inside one role-word absolute operand as raw+0x20000 relocation; four-byte compiler stack probe; computes sign-extended roleID*182 in32-bit arithmetic then stores value DX low16 at role record byte28/word14 sexual without old read, clamp or other write; no machine bounds check; tail-jumps to shared EAX=1 return which caller ignores before reclaiming8 argument bytes and advancing PC3; sole current call script289 PC107 role36 value2 with complete call and script streams; C++ exact legal-domain word write plus modern invalid-role protection replacing undefined linear memory access; real script289 role36 sexual0->2 while adjacent level123 and role35 sexual-123 remain unchanged; subsequent script operations retain independent closures; double oracle SHA256 099ff7ef798f4aaa62c5f863e748d658b56edd3037b72d6af164aa937a6a5126; Linux app Debug 14/14 proc_8268; original runtime oracle blocked	converged_no_new_differences
91	0x312A6	sub_312A6	event_helper_312A6	0x3192E	1672	platform_adapted	scene	src/scene/scene.cpp:SceneSession::run_event(case64)/resume/render_shop_overlay/close_shop_events;src/app/legacy_game_runtime.cpp:handle_key;tests/unit/scene/scene_test.cpp:check_event_shop_helpers	research/evidence/functions/Z_DAT/0x312A6.md	current Z.DAT full 1672-byte/473-instruction entry review reopened after delegated dialogue packed-color correction; loaded/raw SHA256 and all 68 raw+0x20000 relocations normalized; script938 and five legal scene/shop mappings; positive-stock compressed selection, exact panel/price/list colors and controls; empty-list slot0 quirk, first item174 money slot, write/present/dialogue/close order and invalid-scene protection; delegated dialogue base now shadow0/foreground100 while shop text colors remain unchanged; 25-frame stream SHA256 ede25bf5c50d24a32a17fd770a2cd4af6e3d3301eb79bd1d6009e302da933e32; double oracle and formal SHA256 563beeb7efccc7be56a0ac418e1b5671c177274c20436dcb0192b914cc0f072d; Linux app Debug 14/14 proc_aa81; original runtime oracle blocked	converged_no_new_differences
92	0x31945	sub_31945	event_helper_31945	0x31C2F	746	platform_adapted	scene	src/scene/scene.cpp:SceneSession::run_event(case65)	research/evidence/functions/Z_DAT/0x31945.md	current Z.DAT full 746-byte/285-instruction entry review plus opcode65 caller, shared return and five-entry external relocated jump table; all two function relocations and five table relocations normalized raw+0x20000; script939 exact stream; six current-scene hide cases and 16 reachable full 13-word hide calls; unconditional single bounded-random draw including scene0/invalid scenes; five result-to-scene/event targets and full 13-word activation calls; fields0..7 overwrite with picture-delay/x/y preserved; all five RNG outcomes and exact post-draw states; modern all-scene snapshot replaces external archive; delegated event/random closures not propagated; double oracle byte-identical and formal golden SHA256 cd32a223b9f8936bc63cb17e137f363f09ea494f575152f232f39b406f4b65af; Linux app Debug 14/14 proc_fb77; original runtime oracle blocked	converged_no_new_differences
93	0x31C2F	sub_31C2F	event_helper_31C2F	0x31C4A	27	platform_adapted	scene	src/scene/scene.cpp:SceneSession::run_event(case66);src/platform/sdl3/main.cpp:scene audio command dispatch	research/evidence/functions/Z_DAT/0x31C2F.md	current Z.DAT full 27-byte/6-instruction entry review plus sole opcode66 caller and shared return; raw/loaded byte identity with no relocation; sole script531 PC26 music9 call and full script/call streams; signed int16 parameter, unconditional music callee, ignored return and PC+2; force replay command preserves same-ID call and fade-to-black/music/fade-from-black order; command transport and invalid-ID protection classified platform adapted; runtime-audio closure not propagated; double oracle byte-identical and formal golden SHA256 cd32a223b9f8936bc63cb17e137f363f09ea494f575152f232f39b406f4b65af; Linux app Debug 14/14 proc_fb77; original runtime oracle blocked	converged_no_new_differences
94	0x31C4A	sub_31C4A	event_helper_31C4A	0x31C75	43	platform_adapted	scene	src/scene/scene.cpp:SceneSession::run_event(case67);src/platform/sdl3/main.cpp:scene audio command dispatch;src/audio/legacy_audio.cpp:LegacyAudioController::play_sample	research/evidence/functions/Z_DAT/0x31C4A.md	current Z.DAT full 43-byte/11-instruction entry review plus sole opcode67 caller and shared return; raw/loaded byte identity with no relocation; all 20 KDEF calls across 19 scripts and wave IDs21/22/23/24 with complete script/call hashes; signed int16 parameter used identically for fixed-bank1 load then unconditional dispatch, ignored return and PC+2; legal asset path maps to controller load then play while failure short-circuit and invalid-ID rejection are platform adapted; real scripts486/389/1001/691 cover all four IDs and ordering; delegated runtime-audio closures not propagated; double oracle byte-identical and formal golden SHA256 cd32a223b9f8936bc63cb17e137f363f09ea494f575152f232f39b406f4b65af; Linux app Debug 14/14 proc_fb77; original runtime oracle blocked	converged_no_new_differences
95	0x20615	sub_20615	draw_big5_glyph	0x20663	78	platform_adapted	render	src/scene/scene.cpp:draw_dialogue_text;src/render/legacy_font_renderer.cpp:draw_big5_glyph	research/evidence/functions/Z_DAT/0x20615.md	independent byte/bit/write-order review, talk1841 linear-overflow hash, 13973-glyph hash and Linux app Debug 14/14;independent final one-way assembly-to-C++ basic-block review	converged_no_new_differences
96	0x20663	sub_20663	draw_ascii_glyph	0x206AD	74	platform_adapted	render	src/scene/scene.cpp:draw_dialogue_text;src/render/legacy_font_renderer.cpp:draw_ascii_glyph	research/evidence/functions/Z_DAT/0x20663.md	independent byte/bit/write-order review, adjacent-bit shadow vector, talk1841 linear-overflow hash and Linux app Debug 14/14;independent final one-way assembly-to-C++ basic-block review	converged_no_new_differences
97	0x3D950	sub_3D950	dialogue_text_renderer	0x3DA40	240	platform_adapted	scene	src/scene/scene.cpp:draw_dialogue_text;src/scene/scene.cpp:SceneSession::render_overlay;scene::paginate_dialogue;tests/unit/scene/scene_test.cpp	research/evidence/functions/Z_DAT/0x3D950.md	current Z.DAT full 240-byte/81-instruction entry review plus unique sub_2CC21 caller; loaded/raw SHA256 and two raw+0x20000 font-base relocations normalized; six dword arguments with framebuffer and glyph-height unused; caller packed100 decoded as shadow0/foreground100; raw-zero return0 and third-asterisk consumed-byte return; ASCII8/Big5 16, 17-pixel line advance, no width wrapping and linear framebuffer write; all 2977 TALK records, 4246 renderer calls, exact page distribution, talk1360 21-page and talk1841 344-pixel vectors; corrected stale 0x1715 C++/oracle colors then restarted from entry with zero new differences; malformed input and buffer guards platform adapted; Big5 lookup and caller present/key closures not propagated; double oracle and formal SHA256 563beeb7efccc7be56a0ac418e1b5671c177274c20436dcb0192b914cc0f072d; Linux app Debug 14/14 proc_aa81; original runtime oracle blocked	converged_no_new_differences
98	0x31C75	sub_31C75	battle_entry	0x31DA0	299	implemented_pending_review	battle	openlegend::battle::BattleSession;openlegend::app::LegacyGameRuntime	research/evidence/functions/Z_DAT/0x31C75.md	complete runtime-owned battle lifecycle; battle/scene music; victory/defeat typed return; AI escape remains internal; Linux and Windows core Debug BUILD verified	not_started	complete final assembly-to-C++ review
99	0x3D612	sub_3D612	bounded_random	0x3D643	49	assembly_exact	random	openlegend::random::LegacyRandom::bounded	research/evidence/functions/Z_DAT/0x3D612.md	current Z.DAT entry-to-exit one-way review; invalid bounds no-consume and one RNG call with signed IDIV remainder; Linux app Debug 14/14 proc_9d5b; original runtime oracle blocked	converged_no_new_differences
100	0x3D643	sub_3D643	draw_legacy_sprite	0x3D68A	71	platform_adapted	render	include/openlegend/render/rle_sprite_renderer.hpp:legacy_sprite_index; src/scene/scene.cpp:SceneSession::draw_sprite; src/render/rle_sprite_renderer.cpp:draw_rle_sprite	research/evidence/functions/Z_DAT/0x3D643.md	current Z.DAT entry-to-exit one-way review propagated across seven caller domains; stack guard boundary, signed ID gate, pairwise /2 mapping, int16 anchors and delegated sub_20354 four-way clipping; 78014-frame golden; Linux app Debug 14/14 proc_d9e8; original runtime oracle blocked	converged_no_new_differences
